condition,metric,n,pearson_r,pearson_p,spearman_rho,spearman_p,abs_spearman,target
constrained,chain_ptm_S_substrate2,18,-0.3146617365962841,0.2034585142060433,-0.4434113856278494,0.06531489507731834,0.4434113856278494,kcat_km
constrained,pair_iptm_S_substrate2__S_substrate2,18,-0.3146617365962841,0.2034585142060433,-0.4434113856278494,0.06531489507731834,0.4434113856278494,kcat_km
constrained,frac_active_site,18,-0.35551112555207864,0.14766646863927926,-0.4077756799463222,0.09300076095344917,0.4077756799463222,kcat_km
constrained,pair_iptm_A_protein__S_substrate2,18,-0.434098252214567,0.0718663984201906,-0.3927653299267664,0.10689607859381924,0.3927653299267664,kcat_km
constrained,pair_iptm_L_substrate__S_substrate2,18,-0.3935092601523441,0.10617440374209172,-0.377261435324394,0.12274408514700087,0.377261435324394,kcat_km
constrained,pair_iptm_S_substrate2__T_atp,18,-0.3969700784306134,0.10286288995351889,-0.3514216109871067,0.15271498700522207,0.3514216109871067,kcat_km
constrained,mean_contacts,18,-0.3918119166945381,0.10782608637787292,-0.3348841234112429,0.17433538215863081,0.3348841234112429,kcat_km
constrained,iptm,18,-0.345584175992166,0.1601246379213213,-0.31731304286188755,0.19946927568083145,0.31731304286188755,kcat_km
constrained,mean_dist,18,0.3953138572375931,0.10443828313003578,0.3131786709679216,0.20571267301163576,0.3131786709679216,kcat_km
constrained,mean_mg_s_dist,18,0.39625106633600005,0.1035447043062384,0.31111148502093866,0.20888187143966958,0.31111148502093866,kcat_km
constrained,ptm,18,-0.2788473619175687,0.26249022689059803,-0.29664118339205775,0.23195830515914917,0.29664118339205775,kcat_km
constrained,ligand_iptm,18,-0.33195535914042373,0.1783684872450653,-0.2945739974450748,0.2353829487278345,0.2945739974450748,kcat_km
constrained,frac_close,18,-0.3425261123419823,0.16410257296660025,-0.2774327122153209,0.26502003320780065,0.2774327122153209,kcat_km
constrained,median_dist,18,0.24968409651115805,0.3176912636228979,0.22635686119463644,0.3664148155670617,0.22635686119463644,kcat_km
constrained,frac_entrance,18,-0.27297103403426887,0.27309775291738664,-0.19792756741261272,0.43111438105686195,0.19792756741261272,kcat_km
constrained,confidence_score,18,-0.11039630783205305,0.6627757361741345,-0.1736436195465704,0.4907717650393133,0.1736436195465704,kcat_km
constrained,chain_ptm_L_substrate,18,0.34626850077216076,0.15924355532617795,0.14677020223579165,0.5611384837727378,0.14677020223579165,kcat_km
constrained,pair_iptm_L_substrate__L_substrate,18,0.34626850077216076,0.15924355532617795,0.14677020223579165,0.5611384837727378,0.14677020223579165,kcat_km
constrained,pair_iptm_A_protein__L_substrate,18,0.2785830690363645,0.2629617123361232,0.12196397087199587,0.6297295124945468,0.12196397087199587,kcat_km
constrained,complex_pde,18,0.01249973584015826,0.960739021452971,0.0961241465347086,0.7043738550897116,0.0961241465347086,kcat_km
constrained,pair_iptm_A_protein__T_atp,18,0.1373498448751269,0.5868004272718859,-0.09405696058772561,0.7104689890058897,0.09405696058772561,kcat_km
constrained,complex_plddt,18,0.15530894732213762,0.538311793219653,0.09302336761423413,0.7135228624424121,0.09302336761423413,kcat_km
constrained,chain_ptm_A_protein,18,0.1398257110057741,0.5800085883785332,0.07131791517091284,0.7785479487982708,0.07131791517091284,kcat_km
constrained,chain_ptm_T_atp,18,0.08898974236025851,0.7254799989136167,0.06821713625043838,0.7879636668447035,0.06821713625043838,kcat_km
constrained,complex_ipde,18,0.010580716405939966,0.9667631211072688,-0.04857886975410005,0.8481977662126803,0.04857886975410005,kcat_km
constrained,pair_iptm_L_substrate__T_atp,18,0.1820361434587405,0.46971466249703314,0.03824294001918514,0.880246230637751,0.03824294001918514,kcat_km
constrained,complex_iplddt,18,0.27715239186420776,0.2655231207913616,-0.022739045416812792,0.9286379971139096,0.022739045416812792,kcat_km
constrained,mean_entrance_contacts,18,0.13437972112499996,0.5949916692599289,-0.010335929734914906,0.9675316741042297,0.010335929734914906,kcat_km
no_atp,frac_active_site,18,-0.29643835528732876,0.23229290403871425,-0.3408382600230316,0.16632665267264626,0.3408382600230316,kcat_km
no_atp,mean_mg_s_dist,18,0.11693341865818915,0.6440230887219968,0.265633394187313,0.28670887365267894,0.265633394187313,kcat_km
no_atp,pair_iptm_L_substrate__S_substrate2,18,-0.04236846169847372,0.8674302898594973,-0.25426387147890667,0.3085995503849862,0.25426387147890667,kcat_km
no_atp,ptm,18,-0.07820989937332072,0.7577264943301533,-0.2532302785054152,0.31063771825636305,0.2532302785054152,kcat_km
no_atp,mean_contacts,18,-0.100339449991357,0.6919982640798683,-0.24648819897125426,0.3241284991707245,0.24648819897125426,kcat_km
no_atp,mean_dist,18,0.0981555787812378,0.6984007890048819,0.24289434877050028,0.3314581076756381,0.24289434877050028,kcat_km
no_atp,chain_ptm_A_protein,18,-0.08924794788855686,0.7247127380454115,-0.23049123308860237,0.3574876098883092,0.23049123308860237,kcat_km
no_atp,complex_pde,18,-0.012122735495277398,0.9619223340940947,0.21602093145972148,0.38927407346413645,0.21602093145972148,kcat_km
no_atp,iptm,18,-0.05161136546966902,0.838835567736449,-0.20155062983084063,0.42255343899097186,0.20155062983084063,kcat_km
no_atp,ligand_iptm,18,-0.05161136546966902,0.838835567736449,-0.20155062983084063,0.42255343899097186,0.20155062983084063,kcat_km
no_atp,frac_close,18,-0.20902856499395617,0.4051716106675251,-0.19347726388784334,0.441752984091226,0.19347726388784334,kcat_km
no_atp,frac_entrance,18,0.1282978202012489,0.6119097921175876,0.18653179589835991,0.45862362437771176,0.18653179589835991,kcat_km
no_atp,complex_ipde,18,0.0067698942167931375,0.9787306587390431,0.1736436195465704,0.4907717650393133,0.1736436195465704,kcat_km
no_atp,mean_entrance_contacts,18,0.004090144342257462,0.9871489006497112,-0.15863160708056256,0.5295446501403366,0.15863160708056256,kcat_km
no_atp,pair_iptm_A_protein__S_substrate2,18,-0.041470229549805324,0.8702180808003913,-0.14677020223579165,0.5611384837727378,0.14677020223579165,kcat_km
no_atp,median_dist,18,0.024827561133196008,0.9221016491346339,0.12816552871294482,0.6122799151512148,0.12816552871294482,kcat_km
no_atp,confidence_score,18,-0.2260241349486553,0.3671386674049447,-0.12093037789850436,0.6326563245019354,0.12093037789850436,kcat_km
no_atp,pair_iptm_A_protein__L_substrate,18,0.08795863856383945,0.7285464107248512,-0.11266163411057245,0.6562549997121051,0.11266163411057245,kcat_km
no_atp,complex_iplddt,18,-0.26352544238139786,0.2906940944068545,-0.10439289032264053,0.6801674580805293,0.10439289032264053,kcat_km
no_atp,chain_ptm_L_substrate,18,0.1477034406174882,0.5586232309440278,-0.05891479948901495,0.8163743098542046,0.05891479948901495,kcat_km
no_atp,pair_iptm_L_substrate__L_substrate,18,0.1477034406174882,0.5586232309440278,-0.05891479948901495,0.8163743098542046,0.05891479948901495,kcat_km
no_atp,complex_plddt,18,-0.22445158869807302,0.3705706365459065,-0.046511683807117066,0.8545909484947933,0.046511683807117066,kcat_km
no_atp,chain_ptm_S_substrate2,18,-0.013263226935830985,0.9583428497183503,0.011369522708406396,0.9642867107821055,0.011369522708406396,kcat_km
no_atp,pair_iptm_S_substrate2__S_substrate2,18,-0.013263226935830985,0.9583428497183503,0.011369522708406396,0.9642867107821055,0.011369522708406396,kcat_km
no_cofactor,complex_plddt,18,-0.40775484684607144,0.09301909006241095,-0.39586610884724077,0.10391107490119272,0.39586610884724077,kcat_km
no_cofactor,complex_iplddt,18,-0.4060618505487163,0.09451735677736722,-0.3927653299267664,0.10689607859381924,0.3927653299267664,kcat_km
no_cofactor,confidence_score,18,-0.33423874016214106,0.17521879176482,-0.3431528671991748,0.1632818713061163,0.3431528671991748,kcat_km
no_cofactor,pair_iptm_L_substrate__S_substrate2,18,-0.03657184590481204,0.8854457336644677,-0.2532302785054152,0.31063771825636305,0.2532302785054152,kcat_km
no_cofactor,mean_dist,18,-0.020196433308162842,0.9366013452634401,0.2056850017248066,0.41289522175495663,0.2056850017248066,kcat_km
no_cofactor,iptm,18,0.1103464094824496,0.6629196305538206,-0.1829459563079938,0.46745936838493785,0.1829459563079938,kcat_km
no_cofactor,ligand_iptm,18,0.1103464094824496,0.6629196305538206,-0.1829459563079938,0.46745936838493785,0.1829459563079938,kcat_km
no_cofactor,chain_ptm_S_substrate2,18,-0.019988387518254255,0.9372531987369109,-0.15297176007674057,0.5445177626304077,0.15297176007674057,kcat_km
no_cofactor,pair_iptm_S_substrate2__S_substrate2,18,-0.019988387518254255,0.9372531987369109,-0.15297176007674057,0.5445177626304077,0.15297176007674057,kcat_km
no_cofactor,frac_close,18,-0.12290524359129024,0.6270686793473145,-0.14388861576723852,0.568935938662172,0.14388861576723852,kcat_km
no_cofactor,pair_iptm_A_protein__S_substrate2,18,-0.018798192324438287,0.9409830614990685,-0.1374678654743682,0.5864759176223702,0.1374678654743682,kcat_km
no_cofactor,frac_entrance,18,-0.06028348844199294,0.8121795683138626,-0.12099850769427425,0.6324632416777061,0.12099850769427425,kcat_km
no_cofactor,chain_ptm_A_protein,18,0.20265160581491784,0.4199698805399654,0.1085272622166065,0.668173229246549,0.1085272622166065,kcat_km
no_cofactor,mean_entrance_contacts,18,0.19656937234133479,0.4343468810160386,0.10398345933621994,0.6813592994319324,0.10398345933621994,kcat_km
no_cofactor,pair_iptm_A_protein__L_substrate,18,0.308668972159213,0.21266740823410443,0.10335929734914903,0.6831775977641288,0.10335929734914903,kcat_km
no_cofactor,ptm,18,0.18854494380253756,0.4537004268834942,0.037209347045693654,0.8834616527588823,0.037209347045693654,kcat_km
no_cofactor,chain_ptm_L_substrate,18,0.23348222159137916,0.3511070929803959,0.03307497515172769,0.8963402083774041,0.03307497515172769,kcat_km
no_cofactor,pair_iptm_L_substrate__L_substrate,18,0.23348222159137916,0.3511070929803959,0.03307497515172769,0.8963402083774041,0.03307497515172769,kcat_km
no_cofactor,complex_pde,18,-0.11222138999775966,0.6575204097994083,0.029974196231253223,0.9060155047930557,0.029974196231253223,kcat_km
no_cofactor,median_dist,18,-0.1478990685852174,0.5580966045347951,-0.027907010284270242,0.9124727871040188,0.027907010284270242,kcat_km
no_cofactor,mean_contacts,18,0.12472637832299108,0.6219330481179172,0.012960098617693018,0.9592941604727301,0.012960098617693018,kcat_km
no_cofactor,frac_active_site,18,-0.03948624147177771,0.8763807873728354,0.012898484259189557,0.9594875318943349,0.012898484259189557,kcat_km
no_cofactor,complex_ipde,18,-0.07960518732526181,0.7535299272412477,-0.0010335929734914904,0.996752366110912,0.0010335929734914904,kcat_km
no_constraint,chain_ptm_L_substrate,18,0.47066069858243464,0.04868925849243866,0.5064605570108304,0.0319706412447465,0.5064605570108304,kcat_km
no_constraint,pair_iptm_L_substrate__L_substrate,18,0.47066069858243464,0.04868925849243866,0.5064605570108304,0.0319706412447465,0.5064605570108304,kcat_km
no_constraint,frac_active_site,18,-0.4297370586037512,0.07509593119317268,-0.49387757933949206,0.037241798871228464,0.49387757933949206,kcat_km
no_constraint,complex_iplddt,18,0.4024751054892894,0.09774904488072876,0.434109048866426,0.07185853285866878,0.434109048866426,kcat_km
no_constraint,pair_iptm_L_substrate__T_atp,18,0.37980420712169516,0.12003779057609948,0.40310125966168125,0.09717921728857591,0.40310125966168125,kcat_km
no_constraint,pair_iptm_A_protein__L_substrate,18,0.4387372735087314,0.0685449792406089,0.4000004807412068,0.1000246343648362,0.4000004807412068,kcat_km
no_constraint,complex_plddt,18,0.33503066865085884,0.17413520780543276,0.3214474147558535,0.19335209065576472,0.3214474147558535,kcat_km
no_constraint,complex_pde,18,-0.11982048706407761,0.6358049796386288,-0.2811372887896854,0.2584271814279031,0.2811372887896854,kcat_km
no_constraint,complex_ipde,18,-0.17383304437449132,0.49029150356641993,-0.273902137975245,0.271399616035402,0.273902137975245,kcat_km
no_constraint,confidence_score,18,0.2917241600217732,0.24015685551012522,0.21188655956575553,0.39863196284629476,0.21188655956575553,kcat_km
no_constraint,pair_iptm_A_protein__T_atp,18,-0.2563882204142005,0.3044356226845547,-0.20465140875131507,0.4152986341268806,0.20465140875131507,kcat_km
no_constraint,pair_iptm_A_protein__S_substrate2,18,-0.18950283327601847,0.45136737521259346,-0.19328188604290872,0.44222312562119004,0.19328188604290872,kcat_km
no_constraint,chain_ptm_S_substrate2,18,-0.2112858149771284,0.40000179762885724,-0.17777799144053633,0.4803417197698959,0.17777799144053633,kcat_km
no_constraint,pair_iptm_S_substrate2__S_substrate2,18,-0.2112858149771284,0.40000179762885724,-0.17777799144053633,0.4803417197698959,0.17777799144053633,kcat_km
no_constraint,frac_entrance,18,0.11709594829505672,0.6435593880726493,0.1284645920278371,0.6114433279490276,0.1284645920278371,kcat_km
no_constraint,ptm,18,0.140050802397242,0.5793927678128674,0.12403115681897885,0.6238916408302997,0.12403115681897885,kcat_km
no_constraint,mean_dist,18,0.049215611665515,0.8462303120291086,0.12403115681897885,0.6238916408302997,0.12403115681897885,kcat_km
no_constraint,mean_mg_s_dist,18,0.050658942743333615,0.8417738164190024,0.10749366924311499,0.6711647585528027,0.10749366924311499,kcat_km
no_constraint,median_dist,18,-0.1548174473714729,0.5396142155930231,-0.09922492545518306,0.6952632998016728,0.09922492545518306,kcat_km
no_constraint,iptm,18,0.08985371344960437,0.7229136786796073,0.0961241465347086,0.7043738550897116,0.0961241465347086,kcat_km
no_constraint,mean_entrance_contacts,18,-0.029614003925513322,0.9071402474644881,0.08186532892982412,0.7467461354101856,0.08186532892982412,kcat_km
no_constraint,pair_iptm_L_substrate__S_substrate2,18,-0.09898436001366387,0.6959687162191163,-0.08062025193233625,0.7504810643024911,0.08062025193233625,kcat_km
no_constraint,ligand_iptm,18,0.07663586295678754,0.7624684217787893,0.0775194730118618,0.7598054639036145,0.0775194730118618,kcat_km
no_constraint,frac_close,18,-0.02397466975615742,0.9247703598778813,-0.0374614851982078,0.8826771101227716,0.0374614851982078,kcat_km
no_constraint,chain_ptm_T_atp,18,0.042035262368959145,0.8684642493463116,0.03100778920474471,0.9027889412849941,0.03100778920474471,kcat_km
no_constraint,pair_iptm_S_substrate2__T_atp,18,0.025835092694696953,0.9189500886812454,0.015503894602372356,0.9513126807478549,0.015503894602372356,kcat_km
no_constraint,mean_contacts,18,-0.019651565419390206,0.938308617186421,-0.011375393879832253,0.9642682797288125,0.011375393879832253,kcat_km
no_constraint,chain_ptm_A_protein,18,0.12926595960100018,0.6092038731054684,-0.0020671859469829808,0.9935047807943964,0.0020671859469829808,kcat_km
constrained,chain_ptm_S_substrate2,18,-0.2117948390037906,0.3988409415722245,-0.3629790597032964,0.138746574405955,0.3629790597032964,kcat
constrained,pair_iptm_S_substrate2__S_substrate2,18,-0.2117948390037906,0.3988409415722245,-0.3629790597032964,0.138746574405955,0.3629790597032964,kcat
constrained,complex_pde,18,0.18083893492108344,0.4726906171769398,0.25025906680398213,0.31654123408305357,0.25025906680398213,kcat
constrained,complex_iplddt,18,-0.07444729634570932,0.769075041988576,-0.22130347229773628,0.3774949292163058,0.22130347229773628,kcat
constrained,frac_active_site,18,-0.1432959044656727,0.570545562059435,-0.2162118119080583,0.3888449649357203,0.2162118119080583,kcat
constrained,pair_iptm_L_substrate__S_substrate2,18,-0.07792613846230025,0.7585807472134297,-0.2140645736711748,0.3936870274390132,0.2140645736711748,kcat
constrained,pair_iptm_S_substrate2__T_atp,18,-0.08285350888269846,0.7437856481679809,-0.201655033168498,0.4223080853551121,0.201655033168498,kcat
constrained,mean_entrance_contacts,18,0.24097618969980877,0.3354094051922775,0.19648439129238268,0.43454955470130907,0.19648439129238268,kcat
constrained,confidence_score,18,-0.19456010201918345,0.439152018207556,-0.1902796210410443,0.4494799268762575,0.1902796210410443,kcat
constrained,frac_close,18,-0.08134193207065092,0.7483155500847066,-0.18384259326926633,0.4652420487460377,0.18384259326926633,kcat
constrained,pair_iptm_A_protein__S_substrate2,18,-0.09788805697798053,0.6991864347842608,-0.17580182378792136,0.4853134677758979,0.17580182378792136,kcat
constrained,chain_ptm_T_atp,18,0.15865097284355534,0.5294937446546903,0.17063118191180598,0.49843995154827425,0.17063118191180598,kcat
constrained,mean_mg_s_dist,18,0.034650325371268116,0.8914299186164449,0.1520168711577908,0.5470624894454136,0.1520168711577908,kcat
constrained,mean_dist,18,0.03680136491701938,0.8847313313447885,0.14891448603212162,0.555366629796147,0.14891448603212162,kcat
constrained,iptm,18,-0.025764349072713324,0.9191713378626947,-0.14684622928167548,0.56093339167074,0.14684622928167548,kcat
constrained,complex_ipde,18,0.1611420277874988,0.5229644687029401,0.14684622928167548,0.56093339167074,0.14684622928167548,kcat
constrained,ligand_iptm,18,-0.017559031341664588,0.9448676153930262,-0.12306127665154494,0.6266280196031486,0.12306127665154494,kcat
constrained,frac_entrance,18,-0.048526977928589246,0.848358143361174,-0.11560395539903526,0.6478207607870953,0.11560395539903526,kcat
constrained,ptm,18,-0.02399463112926037,0.9247078915801342,-0.11375412127453734,0.6531186725048329,0.11375412127453734,kcat
constrained,mean_contacts,18,0.044384248228036646,0.8611794720401102,-0.10031045239663748,0.6920831483142387,0.10031045239663748,kcat
constrained,chain_ptm_L_substrate,18,0.15867877277648912,0.5294206727572679,0.09513981052052214,0.7072740756832874,0.09513981052052214,kcat
constrained,pair_iptm_L_substrate__L_substrate,18,0.15867877277648912,0.5294206727572679,0.09513981052052214,0.7072740756832874,0.09513981052052214,kcat
constrained,chain_ptm_A_protein,18,0.024411412632652448,0.9234036872310417,0.08686678351873761,0.7317977706793488,0.08686678351873761,kcat
constrained,pair_iptm_A_protein__T_atp,18,-0.008992132784774565,0.9717512408186441,-0.08376439839306841,0.741059739123459,0.08376439839306841,kcat
constrained,complex_plddt,18,-0.17067969781209366,0.498316000184661,-0.08169614164262227,0.7472533430922126,0.08169614164262227,kcat
constrained,pair_iptm_A_protein__L_substrate,18,0.085408464227545,0.7361471803451257,0.061013574138160935,0.8099439914579536,0.061013574138160935,kcat
constrained,median_dist,18,-0.09620471731118879,0.7041366346622959,0.0403310066336996,0.873755912193963,0.0403310066336996,kcat
constrained,pair_iptm_L_substrate__T_atp,18,0.05939678983236281,0.8148965638054658,0.020682567504461336,0.9350783295302657,0.020682567504461336,kcat
no_atp,frac_close,18,-0.2760789423970055,0.2674551117130258,-0.30972397634796767,0.21102686199992385,0.30972397634796767,kcat
no_atp,complex_iplddt,18,-0.2154165564814819,0.39063445169401784,-0.26577099243232816,0.28644989865432485,0.26577099243232816,kcat
no_atp,confidence_score,18,-0.21954141372980338,0.3814017654961894,-0.263702735681882,0.2903576212407964,0.263702735681882,kcat
no_atp,ptm,18,-0.16426974844467487,0.5148196728209826,-0.26060035055621283,0.29627957129703525,0.26060035055621283,kcat
no_atp,chain_ptm_A_protein,18,-0.13554098652123198,0.591783430084366,-0.24819081005353602,0.320689591797475,0.24819081005353602,kcat
no_atp,complex_pde,18,0.1320296312879503,0.6015060985060939,0.2419860398021976,0.333325773033582,0.2419860398021976,kcat
no_atp,mean_mg_s_dist,18,0.2323269071327927,0.3535638981037059,0.22647411417385163,0.36615992120338003,0.22647411417385163,kcat
no_atp,iptm,18,-0.19451441380077159,0.4392616001302412,-0.22026934392251324,0.3797850921269612,0.22026934392251324,kcat
no_atp,ligand_iptm,18,-0.19451441380077159,0.4392616001302412,-0.22026934392251324,0.3797850921269612,0.22026934392251324,kcat
no_atp,complex_ipde,18,0.17516366958032703,0.4869243219197416,0.2109621885455056,0.4007407969632051,0.2109621885455056,kcat
no_atp,pair_iptm_L_substrate__S_substrate2,18,-0.11467151643355508,0.6504892664851969,-0.17993833728881362,0.4749354303922749,0.17993833728881362,kcat
no_atp,pair_iptm_A_protein__S_substrate2,18,-0.190093210787911,0.44993249995539997,-0.16856292516135987,0.5037377857080709,0.16856292516135987,kcat
no_atp,mean_dist,18,0.14814818301302002,0.5574263093335439,0.16442641166046762,0.5144132824973341,0.16442641166046762,kcat
no_atp,complex_plddt,18,-0.1771539359882362,0.481909038773792,-0.1406414590303371,0.5777781273749083,0.1406414590303371,kcat
no_atp,frac_active_site,18,-0.18958917200203662,0.45115738864827243,-0.13268153189431225,0.5996961254289443,0.13268153189431225,kcat
no_atp,pair_iptm_A_protein__L_substrate,18,0.038456585539010144,0.8795818177388653,-0.11892476315065267,0.6383504066096861,0.11892476315065267,kcat
no_atp,frac_entrance,18,-0.004092795577291988,0.9871405712071523,-0.08313447776468363,0.7429445156905512,0.08313447776468363,kcat
no_atp,mean_contacts,18,-0.060338464929818994,0.8120111778597773,-0.0797721556853456,0.7530281788806462,0.0797721556853456,kcat
no_atp,chain_ptm_L_substrate,18,0.12050733200123781,0.6338557606175621,-0.07859375651695308,0.756571330102204,0.07859375651695308,kcat
no_atp,pair_iptm_L_substrate__L_substrate,18,0.12050733200123781,0.6338557606175621,-0.07859375651695308,0.756571330102204,0.07859375651695308,kcat
no_atp,mean_entrance_contacts,18,0.020506859456353027,0.9356287829238882,-0.05549795517142552,0.8268667333843254,0.05549795517142552,kcat
no_atp,median_dist,18,0.02597288710595954,0.9185191558515937,-0.01654605400356907,0.9480440061516823,0.01654605400356907,kcat
no_atp,chain_ptm_S_substrate2,18,-0.06318471184754479,0.8033041338808384,0.0031023851256692,0.9902522461199659,0.0031023851256692,kcat
no_atp,pair_iptm_S_substrate2__S_substrate2,18,-0.06318471184754479,0.8033041338808384,0.0031023851256692,0.9902522461199659,0.0031023851256692,kcat
no_cofactor,complex_plddt,18,-0.2570993726813974,0.303049255638593,-0.34746713407495045,0.15770827522244543,0.34746713407495045,kcat
no_cofactor,complex_iplddt,18,-0.23146262976860832,0.355408199996461,-0.32368218144481986,0.19009788960772442,0.32368218144481986,kcat
no_cofactor,confidence_score,18,-0.23192587118621916,0.3544189980916791,-0.26577099243232816,0.28644989865432485,0.26577099243232816,kcat
no_cofactor,frac_active_site,18,-0.14577097016878057,0.5638370713797088,-0.16776715385514915,0.5057832711014372,0.16776715385514915,kcat
no_cofactor,chain_ptm_A_protein,18,0.1610084584424605,0.5233136162715437,0.1654605400356907,0.5117344968874851,0.1654605400356907,kcat
no_cofactor,frac_close,18,-0.13799757085057823,0.5850203646757246,-0.15835946516471278,0.530260248844048,0.15835946516471278,kcat
no_cofactor,median_dist,18,-0.22015249735957523,0.38004434222759087,-0.15408512790823692,0.541557421367025,0.15408512790823692,kcat
no_cofactor,iptm,18,0.017722299364514194,0.9443557290622409,-0.14477797253122934,0.5665243977583152,0.14477797253122934,kcat
no_cofactor,ligand_iptm,18,0.017722299364514194,0.9443557290622409,-0.14477797253122934,0.5665243977583152,0.14477797253122934,kcat
no_cofactor,mean_dist,18,0.0023772386520144392,0.9925306010692312,0.14477797253122934,0.5665243977583152,0.14477797253122934,kcat
no_cofactor,pair_iptm_L_substrate__S_substrate2,18,-0.03482320310869052,0.8908912927838926,-0.14374384415600625,0.5693289134806951,0.14374384415600625,kcat
no_cofactor,pair_iptm_A_protein__L_substrate,18,0.25046678338270706,0.316126375792372,0.1406414590303371,0.5777781273749083,0.1406414590303371,kcat
no_cofactor,chain_ptm_L_substrate,18,0.18889962680069244,0.45283584006862404,0.12616366177721416,0.6178915684168769,0.12616366177721416,kcat
no_cofactor,pair_iptm_L_substrate__L_substrate,18,0.18889962680069244,0.45283584006862404,0.12616366177721416,0.6178915684168769,0.12616366177721416,kcat
no_cofactor,ptm,18,0.1331765021445638,0.5983233512052181,0.11995889152587574,0.6354120134622971,0.11995889152587574,kcat
no_cofactor,complex_ipde,18,-0.006922643694775982,0.9782508636123626,-0.07859375651695308,0.756571330102204,0.07859375651695308,kcat
no_cofactor,complex_pde,18,-0.0558887854005202,0.8256651261355843,-0.06928660113994548,0.7847129363505727,0.06928660113994548,kcat
no_cofactor,mean_contacts,18,-0.08942970365284424,0.7241727981586169,-0.06742742217089082,0.7903662155890828,0.06742742217089082,kcat
no_cofactor,chain_ptm_S_substrate2,18,0.015648203164478527,0.9508600197835574,-0.05067229038593027,0.8417326247600709,0.05067229038593027,kcat
no_cofactor,pair_iptm_S_substrate2__S_substrate2,18,0.015648203164478527,0.9508600197835574,-0.05067229038593027,0.8417326247600709,0.05067229038593027,kcat
no_cofactor,mean_entrance_contacts,18,-0.015913008524546985,0.9500294269117718,0.04917186899718919,0.8463654439442948,0.04917186899718919,kcat
no_cofactor,pair_iptm_A_protein__S_substrate2,18,-0.038446494846765066,0.8796131969079444,-0.026887337755799733,0.9156598916815454,0.026887337755799733,kcat
no_cofactor,frac_entrance,18,0.01881878944152742,0.9409185035988405,0.022011124543298285,0.9309171857334781,0.022011124543298285,kcat
no_constraint,chain_ptm_L_substrate,18,0.410711278115145,0.09044405476832848,0.45501648509814935,0.05778545821166599,0.45501648509814935,kcat
no_constraint,pair_iptm_L_substrate__L_substrate,18,0.410711278115145,0.09044405476832848,0.45501648509814935,0.05778545821166599,0.45501648509814935,kcat
no_constraint,frac_active_site,18,-0.36932463303126206,0.13146728488922751,-0.41770270117505487,0.08456095065832263,0.41770270117505487,kcat
no_constraint,pair_iptm_L_substrate__T_atp,18,0.3542966503693544,0.14915356102311075,0.4157196068396729,0.0862004781430864,0.4157196068396729,kcat
no_constraint,pair_iptm_A_protein__L_substrate,18,0.3816527025040001,0.11809706639148711,0.3629790597032964,0.138746574405955,0.3629790597032964,kcat
no_constraint,mean_entrance_contacts,18,0.22078730876974992,0.3786370541336039,0.27008816485604203,0.2783969750337167,0.27008816485604203,kcat
no_constraint,complex_iplddt,18,0.19227674979253537,0.44464588373773273,0.25542970868009746,0.3063102097771601,0.25542970868009746,kcat
no_constraint,complex_plddt,18,0.1059380059923194,0.6756761859316429,0.21923521554729014,0.38208294369039797,0.21923521554729014,kcat
no_constraint,ptm,18,0.16574760722663384,0.5109920510678649,0.17787008053836748,0.4801106499963418,0.17787008053836748,kcat
no_constraint,confidence_score,18,0.20771034938813393,0.4082073243474009,0.16442641166046762,0.5144132824973341,0.16442641166046762,kcat
no_constraint,complex_pde,18,-0.16760932694158115,0.5061894246193487,-0.16442641166046762,0.5144132824973341,0.16442641166046762,kcat
no_constraint,complex_ipde,18,-0.23031434506814094,0.3578670057262304,-0.16235815491002145,0.519790512547925,0.16235815491002145,kcat
no_constraint,mean_dist,18,0.004577459343181611,0.9856179146449133,0.13547081715422174,0.5919770839437616,0.13547081715422174,kcat
no_constraint,pair_iptm_A_protein__S_substrate2,18,-0.09253344710368684,0.7149718429678182,-0.1334025604037756,0.5976968189955838,0.1334025604037756,kcat
no_constraint,mean_mg_s_dist,18,0.008653536903860334,0.9728145598464162,0.13133430365332946,0.6034390924906099,0.13133430365332946,kcat
no_constraint,frac_close,18,-0.0488704589366262,0.8472966848291941,-0.12962141217768725,0.6082116018714732,0.12962141217768725,kcat
no_constraint,iptm,18,0.1424031884094838,0.5729735952950541,0.1271977901524372,0.6149901510754328,0.1271977901524372,kcat
no_constraint,pair_iptm_A_protein__T_atp,18,-0.1478877445076068,0.5581270827720913,-0.12202714827632187,0.629550783369171,0.12202714827632187,kcat
no_constraint,chain_ptm_T_atp,18,0.11250262329219464,0.6567119479609181,0.10341283752230668,0.6830215601784339,0.10341283752230668,kcat
no_constraint,ligand_iptm,18,0.13619440482538606,0.5899813846598224,0.10031045239663748,0.6920831483142387,0.10031045239663748,kcat
no_constraint,pair_iptm_L_substrate__S_substrate2,18,-0.016520900149143286,0.9481228907120931,-0.07238898626561467,0.7753023085688554,0.07238898626561467,kcat
no_constraint,pair_iptm_S_substrate2__T_atp,18,0.07690372975556727,0.7616608752533025,0.062047702513384005,0.8067798111784371,0.062047702513384005,kcat
no_constraint,chain_ptm_S_substrate2,18,-0.03363485766352237,0.8945946622964372,-0.05894531738771481,0.8162807267443484,0.05894531738771481,kcat
no_constraint,pair_iptm_S_substrate2__S_substrate2,18,-0.03363485766352237,0.8945946622964372,-0.05894531738771481,0.8162807267443484,0.05894531738771481,kcat
no_constraint,chain_ptm_A_protein,18,0.05586772173980945,0.825729876970828,0.05170641876115334,0.8385424365137109,0.05170641876115334,kcat
no_constraint,mean_contacts,18,0.025324639474227317,0.9205466464172851,0.023797235074858328,0.9253256527951239,0.023797235074858328,kcat
no_constraint,median_dist,18,-0.11637014149502607,0.6456310981121552,-0.010341283752230668,0.9675148638837116,0.010341283752230668,kcat
no_constraint,frac_entrance,18,0.07110319654238101,0.7791990269385186,-0.0005224842957622561,0.9983583084464853,0.0005224842957622561,kcat
constrained,frac_active_site,18,0.45471011124249083,0.05797546260259612,0.405330743208473,0.09516973510337913,0.405330743208473,km
constrained,pair_iptm_A_protein__S_substrate2,18,0.2865410547943403,0.24899604896300268,0.37952511370686554,0.1203327543314558,0.37952511370686554,km
constrained,pair_iptm_L_substrate__S_substrate2,18,0.18283960640781652,0.4677227143599813,0.3381599786979428,0.16989762745218107,0.3381599786979428,km
constrained,pair_iptm_S_substrate2__T_atp,18,0.213300936399833,0.39541694943731454,0.3381599786979428,0.16989762745218107,0.3381599786979428,km
constrained,mean_contacts,18,0.26373692920985714,0.29029275483463957,0.33505759357227366,0.17409844639538355,0.33505759357227366,km
constrained,mean_mg_s_dist,18,-0.17338073749510613,0.4914386454177066,-0.3226480530695968,0.19159920040726744,0.3226480530695968,km
constrained,mean_dist,18,-0.17669099480820244,0.4830733379367885,-0.3143750260678123,0.20389302401615328,0.3143750260678123,km
constrained,iptm,18,0.1296939968112992,0.6080090566546497,0.30093135718991243,0.22495325761744944,0.30093135718991243,km
constrained,chain_ptm_S_substrate2,18,0.25909331328052954,0.2991823769942049,0.2916242018129048,0.2403254096495233,0.2916242018129048,km
constrained,pair_iptm_S_substrate2__S_substrate2,18,0.25909331328052954,0.2991823769942049,0.2916242018129048,0.2403254096495233,0.2916242018129048,km
constrained,ligand_iptm,18,0.09501123513027301,0.7076531909705273,0.2812829180606742,0.25817012793718636,0.2812829180606742,km
constrained,frac_close,18,0.07703356041011158,0.7612695549010888,0.2739513572942025,0.27131003244590746,0.2739513572942025,km
constrained,chain_ptm_L_substrate,18,-0.3604003666933451,0.14178318990757285,-0.26887337755799734,0.28064874109766963,0.26887337755799734,km
constrained,pair_iptm_L_substrate__L_substrate,18,-0.3604003666933451,0.14178318990757285,-0.26887337755799734,0.28064874109766963,0.26887337755799734,km
constrained,pair_iptm_A_protein__L_substrate,18,-0.33395166769362006,0.17561270712397842,-0.2492249384287591,0.3186114230698463,0.2492249384287591,km
constrained,median_dist,18,-0.008672290401571494,0.9727556656194876,-0.2450884249278668,0.3269719058999645,0.2450884249278668,km
constrained,ptm,18,0.11315156450941997,0.6548478205450167,0.23784952630130535,0.3419085146927522,0.23784952630130535,km
constrained,chain_ptm_A_protein,18,-0.12155371205124647,0.6308906121704821,-0.2161328304216209,0.38902248762753633,0.2161328304216209,km
constrained,frac_entrance,18,-0.042354156705858834,0.8674746758591383,0.21306379223768385,0.3959550113474253,0.21306379223768385,km
constrained,complex_plddt,18,0.07930316599166454,0.7544377552107702,-0.13133430365332946,0.6034390924906099,0.13133430365332946,km
constrained,confidence_score,18,0.182093203372505,0.46957305992604836,0.12306127665154494,0.6266280196031486,0.12306127665154494,km
constrained,pair_iptm_A_protein__T_atp,18,-0.06284426380692262,0.8043444703559121,-0.11789063477542962,0.6412939360499312,0.11789063477542962,km
constrained,complex_ipde,18,0.06488882590369073,0.7981014849462504,0.0992763240214144,0.6951126132697374,0.0992763240214144,km
constrained,pair_iptm_L_substrate__T_atp,18,-0.048006765159702196,0.8499662278915737,-0.093071553770076,0.7133803981765443,0.093071553770076,km
constrained,mean_entrance_contacts,18,0.13669709730205504,0.5885965775760733,0.08169614164262227,0.7472533430922126,0.08169614164262227,km
constrained,chain_ptm_T_atp,18,0.14819678829293878,0.5572955677798408,-0.0403310066336996,0.873755912193963,0.0403310066336996,km
constrained,complex_iplddt,18,0.02796691669576755,0.9122855817400582,-0.0341262363823612,0.893063069844824,0.0341262363823612,km
constrained,complex_pde,18,0.06545969428114007,0.79636042476724,0.0072388986265614665,0.9772575109593158,0.0072388986265614665,km
no_atp,frac_active_site,18,0.42270849461770393,0.08052375015355935,0.2950418275018259,0.2346050981905338,0.2950418275018259,km
no_atp,frac_entrance,18,-0.4170221733078192,0.08512099256428038,-0.19171828545733166,0.44599494080036584,0.19171828545733166,km
no_atp,chain_ptm_A_protein,18,0.006943993922009849,0.9781838018506058,0.17063118191180598,0.49843995154827425,0.17063118191180598,km
no_atp,chain_ptm_S_substrate2,18,-0.01758577859015674,0.9447837546265472,-0.16028989815957534,0.5251937690179834,0.16028989815957534,km
no_atp,pair_iptm_S_substrate2__S_substrate2,18,-0.01758577859015674,0.9447837546265472,-0.16028989815957534,0.5251937690179834,0.16028989815957534,km
no_atp,mean_contacts,18,0.28341481640323096,0.2544253841345338,0.15224489843216282,0.5464543266797135,0.15224489843216282,km
no_atp,frac_close,18,-0.08884117431497109,0.7259215834853611,0.11614649113048789,0.6462699769909277,0.11614649113048789,km
no_atp,mean_entrance_contacts,18,0.19462465831091502,0.4389972058964478,0.1125519277775639,0.6565702496087487,0.1125519277775639,km
no_atp,ptm,18,-0.001719003264556037,0.9945987745422237,0.1023787091470836,0.6860375817366057,0.1023787091470836,km
no_atp,complex_plddt,18,0.043000261182994055,0.8654702998348341,0.10134458077186054,0.689058124431154,0.10134458077186054,km
no_atp,complex_iplddt,18,0.05916934083365342,0.815593831519453,0.093071553770076,0.7133803981765443,0.093071553770076,km
no_atp,confidence_score,18,0.033732346476609124,0.8942907682351684,0.07549137139128387,0.7659213774475465,0.07549137139128387,km
no_atp,pair_iptm_A_protein__S_substrate2,18,0.05728056646467016,0.8213891065414773,-0.07238898626561467,0.7753023085688554,0.07238898626561467,km
no_atp,pair_iptm_L_substrate__S_substrate2,18,-0.00173031282493007,0.9945632396273234,0.036194493132807336,0.8866204667660114,0.036194493132807336,km
no_atp,mean_mg_s_dist,18,-0.03904512767170119,0.8777519167307938,-0.03309210800713814,0.8962867865037155,0.03309210800713814,km
no_atp,pair_iptm_A_protein__L_substrate,18,0.027666098814850437,0.9132256708918682,0.028955594506245866,0.909196641103775,0.028955594506245866,km
no_atp,complex_pde,18,0.11187756177503079,0.6585093049319745,-0.027921466131022803,0.9124276127052705,0.027921466131022803,km
no_atp,complex_ipde,18,0.08859651077882724,0.7266489691575315,0.018614310754015203,0.9415594201530086,0.018614310754015203,km
no_atp,median_dist,18,-0.14552061417955411,0.5645140810339864,-0.01654605400356907,0.9480440061516823,0.01654605400356907,km
no_atp,mean_dist,18,-0.01363047363820075,0.9571903874306233,-0.013443668877899866,0.9577765922436506,0.013443668877899866,km
no_atp,iptm,18,-0.025878304450809138,0.918814947613912,-0.0020682567504461337,0.9935014163344045,0.0020682567504461337,km
no_atp,ligand_iptm,18,-0.025878304450809138,0.918814947613912,-0.0020682567504461337,0.9935014163344045,0.0020682567504461337,km
no_atp,chain_ptm_L_substrate,18,-0.024746575458566178,0.9223550210168447,-0.0010341283752230669,0.9967506838431558,0.0010341283752230669,km
no_atp,pair_iptm_L_substrate__L_substrate,18,-0.024746575458566178,0.9223550210168447,-0.0010341283752230669,0.9967506838431558,0.0010341283752230669,km
no_cofactor,complex_plddt,18,0.16377150895941991,0.5161131249576799,0.309204384191697,0.21183379977517242,0.309204384191697,km
no_cofactor,complex_iplddt,18,0.1541299036100451,0.5414385188498458,0.309204384191697,0.21183379977517242,0.309204384191697,km
no_cofactor,chain_ptm_A_protein,18,-0.11327981317230011,0.6544796469172165,-0.24819081005353602,0.320689591797475,0.24819081005353602,km
no_cofactor,pair_iptm_A_protein__L_substrate,18,-0.12435326899060503,0.6229838802110867,-0.22130347229773628,0.3774949292163058,0.22130347229773628,km
no_cofactor,mean_entrance_contacts,18,0.038627731352242324,0.8790496292110218,-0.19358188426261852,0.441501340262736,0.19358188426261852,km
no_cofactor,confidence_score,18,0.16114702755867633,0.5229514014986778,0.17580182378792136,0.4853134677758979,0.17580182378792136,km
no_cofactor,ptm,18,-0.08069466456410242,0.7502576951747311,-0.17269943866225215,0.4931690089186801,0.17269943866225215,km
no_cofactor,frac_entrance,18,0.207287805735271,0.4091829792876604,0.16508343407473713,0.512710582775765,0.16508343407473713,km
no_cofactor,complex_ipde,18,0.058242415998507255,0.8184367709363229,0.15305099953301388,0.5443068326716962,0.15305099953301388,km
no_cofactor,chain_ptm_L_substrate,18,-0.044834457926755215,0.859784460941457,-0.14994861440734467,0.5525924185113738,0.14994861440734467,km
no_cofactor,pair_iptm_L_substrate__L_substrate,18,-0.044834457926755215,0.859784460941457,-0.14994861440734467,0.5525924185113738,0.14994861440734467,km
no_cofactor,frac_close,18,0.17369389149247963,0.4906442849623102,0.1439631501497389,0.568733664678292,0.1439631501497389,km
no_cofactor,mean_contacts,18,0.06836554521692459,0.7875123644748302,-0.1052905130822372,0.677557030936488,0.1052905130822372,km
no_cofactor,pair_iptm_L_substrate__S_substrate2,18,0.1399584886419287,0.5796452926503205,0.10341283752230668,0.6830215601784339,0.10341283752230668,km
no_cofactor,median_dist,18,0.014907556317574809,0.9531833982723575,0.09617393889574521,0.7042272509151349,0.09617393889574521,km
no_cofactor,complex_pde,18,0.0801015753079263,0.7520385325626314,0.08893504026918374,0.7256425788064353,0.08893504026918374,km
no_cofactor,mean_dist,18,-0.12221965825057504,0.6290062926671346,-0.08376439839306841,0.741059739123459,0.08376439839306841,km
no_cofactor,frac_active_site,18,-0.08736356642615659,0.730317892359527,-0.06452582840582659,0.7992090433145054,0.06452582840582659,km
no_cofactor,iptm,18,0.0215472590824986,0.932369859978855,-0.05067229038593027,0.8417326247600709,0.05067229038593027,km
no_cofactor,ligand_iptm,18,0.0215472590824986,0.932369859978855,-0.05067229038593027,0.8417326247600709,0.05067229038593027,km
no_cofactor,pair_iptm_A_protein__S_substrate2,18,0.15841335238627205,0.530118516899467,0.048604033635484135,0.8481199966309639,0.048604033635484135,km
no_cofactor,chain_ptm_S_substrate2,18,0.042316573406867626,0.8675912923471628,0.02275082425490747,0.9286011207643596,0.02275082425490747,km
no_cofactor,pair_iptm_S_substrate2__S_substrate2,18,0.042316573406867626,0.8675912923471628,0.02275082425490747,0.9286011207643596,0.02275082425490747,km
no_constraint,complex_iplddt,18,-0.27148784694745176,0.2758162819891248,-0.41882199196534203,0.08364568249209559,0.41882199196534203,km
no_constraint,confidence_score,18,-0.34171894172166983,0.165163643674217,-0.3815933704573117,0.11815901164109482,0.3815933704573117,km
no_constraint,chain_ptm_L_substrate,18,-0.31889085222434005,0.19711989963433663,-0.3671155732041887,0.13397039368985716,0.3671155732041887,km
no_constraint,pair_iptm_L_substrate__L_substrate,18,-0.31889085222434005,0.19711989963433663,-0.3671155732041887,0.13397039368985716,0.3671155732041887,km
no_constraint,complex_plddt,18,-0.13193001119114633,0.6017828851319103,-0.3309210800713814,0.17980759872338922,0.3309210800713814,km
no_constraint,pair_iptm_A_protein__L_substrate,18,-0.29495720870688036,0.23474567011163378,-0.29369245856335097,0.23685313440353428,0.29369245856335097,km
no_constraint,frac_active_site,18,0.3082284427198883,0.21335489010286335,0.29150316167110213,0.24052961377653748,0.29150316167110213,km
no_constraint,pair_iptm_L_substrate__T_atp,18,-0.16715168533727015,0.5073679993984367,-0.22543998579862856,0.36841143782099495,0.22543998579862856,km
no_constraint,median_dist,18,0.1965746065364786,0.43433439944892127,0.21820108717206707,0.38438846976869157,0.21820108717206707,km
no_constraint,ptm,18,-0.26188409998084516,0.2938203207728709,-0.21716695879684403,0.386701655965776,0.21716695879684403,km
no_constraint,iptm,18,-0.2593277100803299,0.2987297688794433,-0.1768359521631444,0.48270862133820647,0.1768359521631444,km
no_constraint,complex_pde,18,0.1626072230855844,0.5191415810791555,0.17269943866225215,0.4931690089186801,0.17269943866225215,km
no_constraint,frac_entrance,18,-0.2623957218382872,0.2928436721974914,-0.1671949746439219,0.5072564597975096,0.1671949746439219,km
no_constraint,complex_ipde,18,0.22562143767174664,0.3680158172656732,0.15408512790823692,0.541557421367025,0.15408512790823692,km
no_constraint,ligand_iptm,18,-0.2409135019011353,0.33553899842106377,-0.14994861440734467,0.5525924185113738,0.14994861440734467,km
no_constraint,chain_ptm_S_substrate2,18,0.08572518909189887,0.7352019003042787,0.11065173614886814,0.6620393207218518,0.11065173614886814,km
no_constraint,pair_iptm_S_substrate2__S_substrate2,18,0.08572518909189887,0.7352019003042787,0.11065173614886814,0.6620393207218518,0.11065173614886814,km
no_constraint,chain_ptm_A_protein,18,-0.02444615086512953,0.9232949917294591,-0.09203742539485295,0.7164398135520718,0.09203742539485295,km
no_constraint,pair_iptm_S_substrate2__T_atp,18,-0.20589906669636002,0.41239838839988696,-0.09203742539485295,0.7164398135520718,0.09203742539485295,km
no_constraint,pair_iptm_A_protein__S_substrate2,18,0.011431898039022944,0.9640909001374393,0.08273027001784534,0.7441546737280088,0.08273027001784534,km
no_constraint,mean_contacts,18,-0.07416128473260364,0.7699395542833801,-0.07139170522457498,0.7783242321081004,0.07139170522457498,km
no_constraint,pair_iptm_A_protein__T_atp,18,0.12896639695062725,0.6100406279114113,0.06618421601427628,0.794152063515416,0.06618421601427628,km
no_constraint,frac_close,18,-0.1535691374620965,0.5429284897316343,-0.06455042212864746,0.7991339927336694,0.06455042212864746,km
no_constraint,pair_iptm_L_substrate__S_substrate2,18,-0.0867854624794222,0.7320401057962322,-0.03516036475758427,0.8898409473980459,0.03516036475758427,km
no_constraint,mean_entrance_contacts,18,0.17913709640954992,0.47693701877859457,0.03421462357101492,0.8927876113232365,0.03421462357101492,km
no_constraint,chain_ptm_T_atp,18,0.21178766550431638,0.3988572883859757,0.0248190810053536,0.9221281797390142,0.0248190810053536,km
no_constraint,mean_dist,18,0.14461386655812894,0.5669690471813156,-0.01654605400356907,0.9480440061516823,0.01654605400356907,km
no_constraint,mean_mg_s_dist,18,0.15430466310308588,0.54097455512625,0.008273027001784535,0.9740095567131066,0.008273027001784535,km
constrained,chain_ptm_A_protein,16,0.5048502016162352,0.04609750353981287,0.4900663578396291,0.053974273162226576,0.4900663578396291,titer
constrained,mean_entrance_contacts,16,0.45960399879332153,0.07328284805814618,0.459161272210103,0.07359599347413166,0.459161272210103,titer
constrained,complex_iplddt,16,-0.40820042507430243,0.11649885789688827,-0.4017661131838401,0.12294010274855478,0.4017661131838401,titer
constrained,chain_ptm_T_atp,16,0.4084023100648222,0.11630064294236994,0.3752760397871034,0.1520527602764196,0.3752760397871034,titer
constrained,pair_iptm_A_protein__T_atp,16,0.3857650942863837,0.1400182140965665,0.362031003088735,0.16822244229307293,0.362031003088735,titer
constrained,confidence_score,16,-0.3754935663858167,0.15179631874632826,-0.2869757951313143,0.2811847165470148,0.2869757951313143,titer
constrained,complex_plddt,16,-0.3006343966876483,0.2578812901417855,-0.28403245364278806,0.28636716511322435,0.28403245364278806,titer
constrained,complex_ipde,16,0.2620304311135109,0.3269016288006444,0.28403245364278806,0.28636716511322435,0.28403245364278806,titer
constrained,pair_iptm_A_protein__L_substrate,16,0.2685109382191717,0.31463495355460125,0.27520242917720916,0.3022553591884895,0.27520242917720916,titer
constrained,chain_ptm_L_substrate,16,0.23851377818682137,0.3736791976528179,0.25459903875752504,0.3413020602524982,0.25459903875752504,titer
constrained,pair_iptm_L_substrate__L_substrate,16,0.23851377818682137,0.3736791976528179,0.25459903875752504,0.3413020602524982,0.25459903875752504,titer
constrained,complex_pde,16,0.2621071571274092,0.32675480669764845,0.2501840265247356,0.35002518025763796,0.2501840265247356,titer
constrained,pair_iptm_L_substrate__T_atp,16,0.27970507358782126,0.29408977513131374,0.244297343547683,0.3618491054055737,0.244297343547683,titer
constrained,ptm,16,0.2888026334378744,0.27799676414866337,0.2369389898263672,0.37693674370191366,0.2369389898263672,titer
constrained,mean_contacts,16,0.17169855304360704,0.5248855667664607,0.23105230684931463,0.3892505371419811,0.23105230684931463,titer
constrained,frac_entrance,16,-0.20474129616811493,0.44686892049203847,-0.19571724991295308,0.46757149109433815,0.19571724991295308,titer
constrained,frac_close,16,-0.13821762222854161,0.6097121011275087,-0.15106857454879147,0.5765175625948977,0.15106857454879147,titer
constrained,frac_active_site,16,0.20172159349875274,0.453744456141393,0.145020760745947,0.5920450488727121,0.145020760745947,titer
constrained,chain_ptm_S_substrate2,16,-0.049956187996938434,0.8542261223779879,0.09713026912136795,0.7204533612901972,0.09713026912136795,titer
constrained,pair_iptm_S_substrate2__S_substrate2,16,-0.049956187996938434,0.8542261223779879,0.09713026912136795,0.7204533612901972,0.09713026912136795,titer
constrained,pair_iptm_S_substrate2__T_atp,16,-0.1258114338953859,0.6424501282738384,-0.09271525688857848,0.732716401893539,0.09271525688857848,titer
constrained,mean_dist,16,0.009809814082055678,0.9712371067306291,0.07947022019021013,0.7698602810713127,0.07947022019021013,titer
constrained,mean_mg_s_dist,16,0.02147363167757521,0.937084095203579,0.06181017125905231,0.8201115700901211,0.06181017125905231,titer
constrained,pair_iptm_A_protein__S_substrate2,16,0.011992051842522718,0.9648420154710227,0.055923488281999716,0.8370188319791677,0.055923488281999716,titer
constrained,median_dist,16,0.10191452531689804,0.7072365326497836,0.048565134560683974,0.8582465098077368,0.048565134560683974,titer
constrained,iptm,16,-0.036249033771830946,0.8939742773147497,-0.030905085629526156,0.9095400980389841,0.030905085629526156,titer
constrained,pair_iptm_L_substrate__S_substrate2,16,-0.0420537818705998,0.8771074161999897,0.014716707442631503,0.9568602193882964,0.014716707442631503,titer
constrained,ligand_iptm,16,-0.00970611646885726,0.9715410384354751,-0.007358353721315752,0.9784231020466425,0.007358353721315752,titer
no_atp,confidence_score,16,-0.23203945971358375,0.3871705966071398,-0.48123633337405025,0.05913024528947233,0.48123633337405025,titer
no_atp,complex_plddt,16,-0.3265954074559814,0.21697339197424145,-0.4724063089084713,0.06463994323054133,0.4724063089084713,titer
no_atp,mean_contacts,16,0.43429581585030885,0.0927850665776743,0.42413015401490683,0.10157229407789219,0.42413015401490683,titer
no_atp,complex_iplddt,16,-0.3219978347055875,0.22389541523638826,-0.41648282062647163,0.10855889816874535,0.41648282062647163,titer
no_atp,median_dist,16,-0.4509812610855276,0.07955786538534687,-0.3988227716953138,0.12596731375787296,0.3988227716953138,titer
no_atp,mean_dist,16,-0.3803649407497202,0.14612986848170428,-0.32818257597068257,0.21461589234374495,0.32818257597068257,titer
no_atp,frac_close,16,-0.305893986444565,0.24923537642950694,-0.3133426293025615,0.23730271406377793,0.3133426293025615,titer
no_atp,mean_entrance_contacts,16,0.3349181158604299,0.20479415859548275,0.2793810651402006,0.2946729372420085,0.2793810651402006,titer
no_atp,frac_entrance,16,-0.24886458702678696,0.35265625240756915,-0.2792005996773491,0.2949980436118089,0.2792005996773491,titer
no_atp,pair_iptm_L_substrate__S_substrate2,16,0.3853031014310425,0.14053413213548485,0.2369389898263672,0.37693674370191366,0.2369389898263672,titer
no_atp,mean_mg_s_dist,16,-0.28700403657843465,0.28113526644188663,-0.2281089653607883,0.3954878909103696,0.2281089653607883,titer
no_atp,pair_iptm_A_protein__S_substrate2,16,0.21285710573820243,0.42865412184539176,0.21192058717389364,0.43073618740853403,0.21192058717389364,titer
no_atp,ptm,16,0.24078096631093113,0.36901666632492863,0.19278886749847268,0.4743894151031529,0.19278886749847268,titer
no_atp,iptm,16,0.2899323110659356,0.27603638248559526,0.16188378186894656,0.5491853378865109,0.16188378186894656,titer
no_atp,ligand_iptm,16,0.2899323110659356,0.27603638248559526,0.16188378186894656,0.5491853378865109,0.16188378186894656,titer
no_atp,chain_ptm_S_substrate2,16,0.15918198062540423,0.5559597936918957,0.15305375740336766,0.5714582023783741,0.15305375740336766,titer
no_atp,pair_iptm_S_substrate2__S_substrate2,16,0.15918198062540423,0.5559597936918957,0.15305375740336766,0.5714582023783741,0.15305375740336766,titer
no_atp,pair_iptm_A_protein__L_substrate,16,0.31497834546002684,0.2347312004715304,0.09860193986563108,0.7163796723063032,0.09860193986563108,titer
no_atp,frac_active_site,16,0.06796976180878143,0.8024997594310053,0.0891788756959721,0.7425830365338333,0.0891788756959721,titer
no_atp,chain_ptm_A_protein,16,0.15456182169757893,0.5676273996465813,0.08682857391152587,0.7491614107021848,0.08682857391152587,titer
no_atp,complex_pde,16,-0.13241782383470965,0.624935305239919,0.07064019572463123,0.7948914247688719,0.07064019572463123,titer
no_atp,complex_ipde,16,-0.15872233260438984,0.5571159005896547,-0.042678451583631365,0.8752951396111206,0.042678451583631365,titer
no_atp,chain_ptm_L_substrate,16,0.31908478230478315,0.22835294516544302,0.03384842711805246,0.9009625881945321,0.03384842711805246,titer
no_atp,pair_iptm_L_substrate__L_substrate,16,0.31908478230478315,0.22835294516544302,0.03384842711805246,0.9009625881945321,0.03384842711805246,titer
no_cofactor,median_dist,16,-0.48257752403515625,0.05832464576020641,-0.40765279616089267,0.11703771694686249,0.40765279616089267,titer
no_cofactor,chain_ptm_A_protein,16,0.49066874611269035,0.05363508955265625,0.3473142956461035,0.18748776319768082,0.3473142956461035,titer
no_cofactor,ptm,16,0.5019268961380893,0.04758228771844304,0.34289928341331405,0.19353772308038864,0.34289928341331405,titer
no_cofactor,chain_ptm_L_substrate,16,0.5124845996367857,0.04238311601513492,0.3399559419247878,0.19764090965476153,0.3399559419247878,titer
no_cofactor,pair_iptm_L_substrate__L_substrate,16,0.5124845996367857,0.04238311601513492,0.3399559419247878,0.19764090965476153,0.3399559419247878,titer
no_cofactor,pair_iptm_A_protein__S_substrate2,16,0.32417896133237345,0.22059429487075072,0.33112591745920883,0.21028754589928556,0.33112591745920883,titer
no_cofactor,mean_entrance_contacts,16,0.2627031856273518,0.3256155485343769,0.32498166524886357,0.21938725156574215,0.32498166524886357,titer
no_cofactor,complex_plddt,16,-0.21740315698151447,0.41862160352710864,-0.31493753927231416,0.234795138020984,0.31493753927231416,titer
no_cofactor,chain_ptm_S_substrate2,16,0.38344015775317697,0.14262768362097547,0.2516556972689987,0.34710363587633475,0.2516556972689987,titer
no_cofactor,pair_iptm_S_substrate2__S_substrate2,16,0.38344015775317697,0.14262768362097547,0.2516556972689987,0.34710363587633475,0.2516556972689987,titer
no_cofactor,mean_contacts,16,0.1865255251218495,0.4891328841677099,0.24336309656549815,0.36374580928303724,0.24336309656549815,titer
no_cofactor,complex_ipde,16,-0.3314591049510232,0.209801136312169,-0.23105230684931463,0.3892505371419811,0.23105230684931463,titer
no_cofactor,complex_iplddt,16,-0.2248483070432885,0.40245982629333465,-0.2295806361050515,0.3923625400891416,0.2295806361050515,titer
no_cofactor,pair_iptm_A_protein__L_substrate,16,0.5329757966256881,0.033521962961878045,0.21633559940668312,0.42096645620030626,0.21633559940668312,titer
no_cofactor,complex_pde,16,-0.35253027723808156,0.18050160596422732,-0.2045622334525779,0.4472751519912378,0.2045622334525779,titer
no_cofactor,frac_active_site,16,-0.19976599275426524,0.45822523257320025,-0.1911923397558461,0.4781267924531165,0.1911923397558461,titer
no_cofactor,frac_close,16,-0.1298617529589543,0.6316902874523364,-0.1738112179598601,0.5197198085501246,0.1738112179598601,titer
no_cofactor,iptm,16,0.45639443572336014,0.0755750305991796,0.17218547707878862,0.5236929036366568,0.17218547707878862,titer
no_cofactor,ligand_iptm,16,0.45639443572336014,0.0755750305991796,0.17218547707878862,0.5236929036366568,0.17218547707878862,titer
no_cofactor,pair_iptm_L_substrate__S_substrate2,16,0.3730467878323897,0.15469770032872315,0.057395159026262875,0.8327854556156655,0.057395159026262875,titer
no_cofactor,confidence_score,16,-0.020050375819709247,0.941247172084722,-0.03384842711805246,0.9009625881945321,0.03384842711805246,titer
no_cofactor,mean_dist,16,-0.35256941014266313,0.1804498506235992,-0.03384842711805246,0.9009625881945321,0.03384842711805246,titer
no_cofactor,frac_entrance,16,0.05635859989286654,0.8357667575730431,0.014013108387380903,0.9589210521929865,0.014013108387380903,titer
no_constraint,pair_iptm_A_protein__T_atp,16,0.4422510410662366,0.08629678282814462,0.5518765290986815,0.02666588870423162,0.5518765290986815,titer
no_constraint,mean_entrance_contacts,16,0.29091465588968796,0.27433849749125677,0.5284145792505661,0.035360264951493414,0.5284145792505661,titer
no_constraint,chain_ptm_A_protein,16,0.5277048909229528,0.03565300871844634,0.47534965039699756,0.06276326989114171,0.47534965039699756,titer
no_constraint,pair_iptm_A_protein__L_substrate,16,0.19886150844526257,0.4603050604926527,0.33112591745920883,0.21028754589928556,0.33112591745920883,titer
no_constraint,chain_ptm_T_atp,16,0.3500279975703423,0.1838313394552841,0.32229589299362993,0.22344246714403135,0.32229589299362993,titer
no_constraint,pair_iptm_L_substrate__T_atp,16,0.21222565579516006,0.43005738820838824,0.3119941977837879,0.23943581954856008,0.3119941977837879,titer
no_constraint,ptm,16,0.24226813921275153,0.3659757975330845,0.2884474658755775,0.27861483675178017,0.2884474658755775,titer
no_constraint,confidence_score,16,0.1408199567464448,0.6029295263778416,0.2516556972689987,0.34710363587633475,0.2516556972689987,titer
no_constraint,chain_ptm_L_substrate,16,0.19572021819318378,0.4675646048537135,0.2516556972689987,0.34710363587633475,0.2516556972689987,titer
no_constraint,pair_iptm_L_substrate__L_substrate,16,0.19572021819318378,0.4675646048537135,0.2516556972689987,0.34710363587633475,0.2516556972689987,titer
no_constraint,complex_ipde,16,0.2909243127108282,0.2743218381505827,0.18543051377715697,0.4917327471086168,0.18543051377715697,titer
no_constraint,complex_pde,16,0.30470219190502545,0.2511785247448749,0.166298794101736,0.5381937741142251,0.166298794101736,titer
no_constraint,complex_iplddt,16,-0.08557961914264109,0.7526638097761158,-0.1633554526132097,0.5455105840229945,0.1633554526132097,titer
no_constraint,ligand_iptm,16,0.16264242907544502,0.5472896461743806,0.12803535475089411,0.6365337727096072,0.12803535475089411,titer
no_constraint,iptm,16,0.1185393611370994,0.6619357671364807,0.1162619887967889,0.6680807907616779,0.1162619887967889,titer
no_constraint,chain_ptm_S_substrate2,16,0.12324898846023463,0.6492921197630055,0.09860193986563108,0.7163796723063032,0.09860193986563108,titer
no_constraint,pair_iptm_S_substrate2__S_substrate2,16,0.12324898846023463,0.6492921197630055,0.09860193986563108,0.7163796723063032,0.09860193986563108,titer
no_constraint,mean_contacts,16,0.06783940422074278,0.8028715930263108,0.093519882179676,0.7304768759254063,0.093519882179676,titer
no_constraint,pair_iptm_S_substrate2__T_atp,16,0.03615539250003359,0.8942467389247415,0.08977191540005218,0.7409257646943954,0.08977191540005218,titer
no_constraint,complex_plddt,16,0.016112988009454016,0.952771301425335,0.07652687870168383,0.7781816147180738,0.07652687870168383,titer
no_constraint,frac_entrance,16,-0.08658547380027445,0.749842769819508,-0.07612627144817621,0.7793159703285002,0.07612627144817621,titer
no_constraint,frac_close,16,-0.07824304947390685,0.7733268978985453,-0.06444557600907407,0.8125659283052566,0.06444557600907407,titer
no_constraint,pair_iptm_L_substrate__S_substrate2,16,0.08263812323903588,0.7609303231107615,0.06328184200331548,0.8158960436310546,0.06328184200331548,titer
no_constraint,median_dist,16,-0.09688576981458549,0.7211308392492002,-0.057395159026262875,0.8327854556156655,0.057395159026262875,titer
no_constraint,frac_active_site,16,0.010715508621136835,0.968582730454307,-0.04422244034905412,0.8708182661614428,0.04422244034905412,titer
no_constraint,pair_iptm_A_protein__S_substrate2,16,0.09711836161942461,0.7204863510248075,-0.03973511009510507,0.8838392298321894,0.03973511009510507,titer
no_constraint,mean_mg_s_dist,16,-0.05270251012116668,0.8462987223681171,-0.035320097862315616,0.896677625761926,0.035320097862315616,titer
no_constraint,mean_dist,16,-0.06783749138482169,0.8028770495184416,-0.014716707442631503,0.9568602193882964,0.014716707442631503,titer
constrained,pair_iptm_L_substrate__T_atp,13,0.7922973724568203,0.001241681160855433,0.7857142857142857,0.0014541896038438224,0.7857142857142857,growth_rate
constrained,frac_entrance,13,-0.8204974936814797,0.00058972625993442,-0.7348178447460737,0.00422016764951476,0.7348178447460737,growth_rate
constrained,mean_entrance_contacts,13,0.8308041264564507,0.0004350493174611597,0.7197802197802198,0.005536115775787642,0.7197802197802198,growth_rate
constrained,frac_close,13,-0.7635508284121583,0.00238596614938051,-0.709766833766141,0.006573299970583386,0.709766833766141,growth_rate
constrained,chain_ptm_T_atp,13,0.8414105104227381,0.00031135937444478387,0.6538461538461539,0.015348516732105476,0.6538461538461539,growth_rate
constrained,pair_iptm_S_substrate2__T_atp,13,-0.6695678666230748,0.012301242060048833,-0.5934065934065934,0.03252444027009699,0.5934065934065934,growth_rate
constrained,chain_ptm_A_protein,13,0.5833009823184421,0.03638839556504916,0.5824175824175823,0.036741334358654267,0.5824175824175823,growth_rate
constrained,mean_dist,13,0.5917112402069205,0.03315071257459384,0.5604395604395606,0.04634590589406461,0.5604395604395606,growth_rate
constrained,mean_mg_s_dist,13,0.5877807169626144,0.03463648765130637,0.5494505494505494,0.05177062555916269,0.5494505494505494,growth_rate
constrained,iptm,13,-0.584768446366712,0.03580756905586979,-0.4725274725274725,0.10298105029992852,0.4725274725274725,growth_rate
constrained,ligand_iptm,13,-0.5519247024801325,0.05051159527163711,-0.4725274725274725,0.10298105029992852,0.4725274725274725,growth_rate
constrained,pair_iptm_L_substrate__S_substrate2,13,-0.6003412482053617,0.0300524816203675,-0.46703296703296704,0.1076091403991392,0.46703296703296704,growth_rate
constrained,median_dist,13,0.31678041450563477,0.2916293768906438,0.4230769230769231,0.14974854155496814,0.4230769230769231,growth_rate
constrained,pair_iptm_A_protein__S_substrate2,13,-0.44209961944269527,0.13037608986553556,-0.35714285714285715,0.23092986230203402,0.35714285714285715,growth_rate
constrained,confidence_score,13,-0.34589594461435824,0.24700109806317463,-0.34065934065934067,0.2547064607541252,0.34065934065934067,growth_rate
constrained,complex_ipde,13,0.42928274041397974,0.14323438464221208,0.33516483516483514,0.2629431403593601,0.33516483516483514,growth_rate
constrained,complex_pde,13,0.4317485831247278,0.14069849448744784,0.2857142857142857,0.34400021825867,0.2857142857142857,growth_rate
constrained,pair_iptm_A_protein__L_substrate,13,0.22233431953643898,0.46534129369413096,0.2747252747252747,0.3636749816401784,0.2747252747252747,growth_rate
constrained,complex_plddt,13,0.1757910532778,0.5656542572002711,0.2692307692307692,0.37373304228189164,0.2692307692307692,growth_rate
constrained,ptm,13,-0.2210555157225665,0.4679781722846564,-0.21978021978021978,0.47061485147214255,0.21978021978021978,growth_rate
constrained,chain_ptm_L_substrate,13,0.13739686933421508,0.6544355620000075,0.21428571428571427,0.4820544547023683,0.21428571428571427,growth_rate
constrained,pair_iptm_A_protein__T_atp,13,0.24786247734530079,0.41421847826360164,0.21428571428571427,0.4820544547023683,0.21428571428571427,growth_rate
constrained,pair_iptm_L_substrate__L_substrate,13,0.13739686933421508,0.6544355620000075,0.21428571428571427,0.4820544547023683,0.21428571428571427,growth_rate
constrained,chain_ptm_S_substrate2,13,-0.3523121805809426,0.23775270672863255,-0.10989010989010989,0.7208097995138618,0.10989010989010989,growth_rate
constrained,pair_iptm_S_substrate2__S_substrate2,13,-0.3523121805809426,0.23775270672863255,-0.10989010989010989,0.7208097995138618,0.10989010989010989,growth_rate
constrained,mean_contacts,13,-0.22548218538276876,0.4588806861270869,-0.06043956043956044,0.8445023706449684,0.06043956043956044,growth_rate
constrained,complex_iplddt,13,-0.10745658687444709,0.7267773534535048,-0.04395604395604395,0.8866190227890784,0.04395604395604395,growth_rate
constrained,frac_active_site,13,0.07665605180481391,0.8034356335702678,0.03136054801258505,0.9189929739227254,0.03136054801258505,growth_rate
no_atp,mean_contacts,13,0.8970308719916914,3.236425862596087e-05,0.8744902453706529,9.191977329707637e-05,0.8744902453706529,growth_rate
no_atp,mean_entrance_contacts,13,0.8828319792975555,6.402765785699368e-05,0.7679675219526635,0.0021708769438148474,0.7679675219526635,growth_rate
no_atp,complex_plddt,13,-0.8691863895078701,0.00011419873465332187,-0.7582417582417583,0.0026660786121372876,0.7582417582417583,growth_rate
no_atp,complex_iplddt,13,-0.8729148315999892,9.81376160739879e-05,-0.7252747252747254,0.005023237655349916,0.7252747252747254,growth_rate
no_atp,median_dist,13,-0.6696301827958684,0.012290154880504106,-0.6648351648351648,0.013165575845550252,0.6648351648351648,growth_rate
no_atp,confidence_score,13,-0.8373971867585995,0.00035434053101383346,-0.6538461538461539,0.015348516732105476,0.6538461538461539,growth_rate
no_atp,frac_entrance,13,-0.5759914691112343,0.039384023264202345,-0.6326076194549036,0.020323605829557202,0.6326076194549036,growth_rate
no_atp,frac_close,13,-0.6904039081818973,0.00899457223648963,-0.5855400437691199,0.03550488991768229,0.5855400437691199,growth_rate
no_atp,pair_iptm_A_protein__S_substrate2,13,0.2791959654508257,0.35559928042980027,0.3516483516483516,0.2386997053420337,0.3516483516483516,growth_rate
no_atp,mean_mg_s_dist,13,-0.2485943867419989,0.41279632414129697,-0.2802197802197803,0.35376363563367896,0.2802197802197803,growth_rate
no_atp,frac_active_site,13,0.14443161970498403,0.6378081746110114,0.27817432013209337,0.35743614800381995,0.27817432013209337,growth_rate
no_atp,mean_dist,13,-0.25382267088660604,0.4027097463278858,-0.2692307692307692,0.37373304228189164,0.2692307692307692,growth_rate
no_atp,chain_ptm_S_substrate2,13,0.0377751246208066,0.9024884046998132,0.24175824175824176,0.42617551959450883,0.24175824175824176,growth_rate
no_atp,pair_iptm_S_substrate2__S_substrate2,13,0.0377751246208066,0.9024884046998132,0.24175824175824176,0.42617551959450883,0.24175824175824176,growth_rate
no_atp,pair_iptm_L_substrate__S_substrate2,13,0.23414890032378888,0.44131834327703473,0.21428571428571427,0.4820544547023683,0.21428571428571427,growth_rate
no_atp,iptm,13,0.06819132874382705,0.8248203358509822,0.18131868131868134,0.5532950092839335,0.18131868131868134,growth_rate
no_atp,ligand_iptm,13,0.06819132874382705,0.8248203358509822,0.18131868131868134,0.5532950092839335,0.18131868131868134,growth_rate
no_atp,complex_pde,13,0.26327951167466457,0.3847912237199864,0.1758241758241758,0.5655798619595345,0.1758241758241758,growth_rate
no_atp,pair_iptm_A_protein__L_substrate,13,0.056155874660062416,0.8554152885886062,0.14285714285714285,0.6415164215860882,0.14285714285714285,growth_rate
no_atp,ptm,13,-0.0033154028049034723,0.9914235279064065,0.1043956043956044,0.7343037452877026,0.1043956043956044,growth_rate
no_atp,chain_ptm_A_protein,13,-0.08891193368971961,0.7726986532412218,0.03296703296703297,0.9148564744875125,0.03296703296703297,growth_rate
no_atp,chain_ptm_L_substrate,13,0.014724835630639893,0.9619207174308276,-0.027472527472527472,0.929011729160351,0.027472527472527472,growth_rate
no_atp,pair_iptm_L_substrate__L_substrate,13,0.014724835630639893,0.9619207174308276,-0.027472527472527472,0.929011729160351,0.027472527472527472,growth_rate
no_atp,complex_ipde,13,0.16666091276706613,0.5863124195170213,0.0,1.0,0.0,growth_rate
no_cofactor,mean_contacts,13,0.8439153771242422,0.0002867065201418765,0.7685979577875526,0.002141451888956224,0.7685979577875526,growth_rate
no_cofactor,mean_entrance_contacts,13,0.8332440707551858,0.00040364367798825123,0.7372771761601774,0.00403027620575177,0.7372771761601774,growth_rate
no_cofactor,pair_iptm_A_protein__S_substrate2,13,0.5203486347783507,0.068304315488119,0.7087912087912087,0.006681784135857957,0.7087912087912087,growth_rate
no_cofactor,median_dist,13,-0.702469487861348,0.00741831787393928,-0.7087912087912087,0.006681784135857957,0.7087912087912087,growth_rate
no_cofactor,complex_plddt,13,-0.7575061333712422,0.0027068231441746637,-0.6208791208791209,0.02353816709643306,0.6208791208791209,growth_rate
no_cofactor,complex_iplddt,13,-0.7392874361275565,0.0038800198942821017,-0.6043956043956044,0.02867270567140696,0.6043956043956044,growth_rate
no_cofactor,ptm,13,0.34102594163920363,0.25416242895146757,0.4505494505494505,0.12233188767803571,0.4505494505494505,growth_rate
no_cofactor,chain_ptm_A_protein,13,0.35588253889299254,0.232698329753763,0.4175824175824176,0.1556747536334745,0.4175824175824176,growth_rate
no_cofactor,iptm,13,0.2854605981708007,0.34444773247298793,0.32417582417582413,0.2798818688931399,0.32417582417582413,growth_rate
no_cofactor,ligand_iptm,13,0.2854605981708007,0.34444773247298793,0.32417582417582413,0.2798818688931399,0.32417582417582413,growth_rate
no_cofactor,confidence_score,13,-0.5489605840265499,0.052022590000846865,-0.2912087912087912,0.3343858561975295,0.2912087912087912,growth_rate
no_cofactor,chain_ptm_L_substrate,13,0.2152215868223105,0.48009687358084613,0.24175824175824176,0.42617551959450883,0.24175824175824176,growth_rate
no_cofactor,pair_iptm_L_substrate__L_substrate,13,0.2152215868223105,0.48009687358084613,0.24175824175824176,0.42617551959450883,0.24175824175824176,growth_rate
no_cofactor,pair_iptm_A_protein__L_substrate,13,0.2833460266755667,0.3481902636895215,0.23076923076923078,0.44812738231536575,0.23076923076923078,growth_rate
no_cofactor,frac_entrance,13,-0.2865651282976994,0.34250162117347743,-0.17817416127494956,0.5603119570238266,0.17817416127494956,growth_rate
no_cofactor,frac_active_site,13,0.14588529217686652,0.6343913221513576,0.1543033499620919,0.6147373473434845,0.1543033499620919,growth_rate
no_cofactor,mean_dist,13,-0.22333419913480823,0.46328449048847725,-0.12637362637362637,0.680785475070949,0.12637362637362637,growth_rate
no_cofactor,chain_ptm_S_substrate2,13,0.1391540740489199,0.6502680898906774,0.11538461538461539,0.7073898735142602,0.11538461538461539,growth_rate
no_cofactor,pair_iptm_S_substrate2__S_substrate2,13,0.1391540740489199,0.6502680898906774,0.11538461538461539,0.7073898735142602,0.11538461538461539,growth_rate
no_cofactor,pair_iptm_L_substrate__S_substrate2,13,0.12137284815209821,0.6928522911025089,0.10989010989010989,0.7208097995138618,0.10989010989010989,growth_rate
no_cofactor,frac_close,13,-0.22165040984641554,0.46675062736051726,-0.09759000729485331,0.7511151158040675,0.09759000729485331,growth_rate
no_cofactor,complex_ipde,13,0.0869078693755023,0.7777050883101105,0.06043956043956044,0.8445023706449684,0.06043956043956044,growth_rate
no_cofactor,complex_pde,13,0.04699167782810942,0.8788389803087534,0.016483516483516484,0.9573761750901849,0.016483516483516484,growth_rate
no_constraint,frac_entrance,13,-0.6699233580311558,0.012238094888167237,-0.6396927692308754,0.018547233063632346,0.6396927692308754,growth_rate
no_constraint,mean_dist,13,0.6545733749563235,0.015196195119363043,0.6318681318681317,0.020516042572872466,0.6318681318681317,growth_rate
no_constraint,frac_close,13,-0.7262440693442809,0.00493668832750708,-0.6243189207241078,0.022558930687169826,0.6243189207241078,growth_rate
no_constraint,mean_mg_s_dist,13,0.6632842634011239,0.013458534531355097,0.6043956043956044,0.02867270567140696,0.6043956043956044,growth_rate
no_constraint,pair_iptm_L_substrate__S_substrate2,13,-0.6236607990910855,0.022743903977261278,-0.5934065934065934,0.03252444027009699,0.5934065934065934,growth_rate
no_constraint,chain_ptm_A_protein,13,0.5671977656025168,0.043219997836587705,0.5879120879120878,0.03458605834210788,0.5879120879120878,growth_rate
no_constraint,complex_ipde,13,0.4933291207422451,0.08668808324903522,0.5164835164835164,0.07074904067496371,0.5164835164835164,growth_rate
no_constraint,median_dist,13,0.6118366734273762,0.02626226810672213,0.5164835164835164,0.07074904067496371,0.5164835164835164,growth_rate
no_constraint,complex_pde,13,0.5013803457451328,0.08088981796081257,0.510989010989011,0.07432891414402144,0.510989010989011,growth_rate
no_constraint,pair_iptm_L_substrate__T_atp,13,0.442779950718473,0.129715772599644,0.4835164835164835,0.0941346925969393,0.4835164835164835,growth_rate
no_constraint,ligand_iptm,13,-0.46247505118566085,0.11155354431348459,-0.46703296703296704,0.1076091403991392,0.46703296703296704,growth_rate
no_constraint,pair_iptm_A_protein__S_substrate2,13,-0.5226435679129887,0.06688115152628149,-0.43956043956043955,0.13286024415692976,0.43956043956043955,growth_rate
no_constraint,pair_iptm_S_substrate2__T_atp,13,-0.5793523792962892,0.03798526298092245,-0.43956043956043955,0.13286024415692976,0.43956043956043955,growth_rate
no_constraint,chain_ptm_T_atp,13,0.5544077585014817,0.04927020954788004,0.42857142857142855,0.14397143468783608,0.42857142857142855,growth_rate
no_constraint,iptm,13,-0.47821786566581015,0.09833251827302208,-0.4230769230769231,0.14974854155496814,0.4230769230769231,growth_rate
no_constraint,chain_ptm_S_substrate2,13,-0.4673972613041742,0.10729801354034837,-0.4010989010989011,0.17435746494503282,0.4010989010989011,growth_rate
no_constraint,pair_iptm_S_substrate2__S_substrate2,13,-0.4673972613041742,0.10729801354034837,-0.4010989010989011,0.17435746494503282,0.4010989010989011,growth_rate
no_constraint,mean_contacts,13,-0.5237052786822018,0.06622985690568461,-0.39010989010989006,0.1875741161338378,0.39010989010989006,growth_rate
no_constraint,complex_iplddt,13,0.008199325048815428,0.9787913098335523,-0.38461538461538464,0.19441291997748622,0.38461538461538464,growth_rate
no_constraint,pair_iptm_A_protein__L_substrate,13,0.36188461394730564,0.22434965811342245,0.38461538461538464,0.19441291997748622,0.38461538461538464,growth_rate
no_constraint,complex_plddt,13,0.34067031051367036,0.2546901715647979,0.2802197802197803,0.35376363563367896,0.2802197802197803,growth_rate
no_constraint,mean_entrance_contacts,13,0.014715170681038104,0.9619456953137963,0.26373626373626374,0.3839365166506743,0.26373626373626374,growth_rate
no_constraint,confidence_score,13,-0.3860249797089118,0.19264374812750726,-0.24725274725274726,0.4154051197255382,0.24725274725274726,growth_rate
no_constraint,ptm,13,-0.2636863947478889,0.384029786673631,-0.18131868131868134,0.5532950092839335,0.18131868131868134,growth_rate
no_constraint,frac_active_site,13,-0.27208916212701023,0.36848233120362706,-0.17163381251017953,0.575023416005572,0.17163381251017953,growth_rate
no_constraint,chain_ptm_L_substrate,13,0.2925614502720959,0.3320419401849586,0.13736263736263735,0.6545168402947126,0.13736263736263735,growth_rate
no_constraint,pair_iptm_L_substrate__L_substrate,13,0.2925614502720959,0.3320419401849586,0.13736263736263735,0.6545168402947126,0.13736263736263735,growth_rate
no_constraint,pair_iptm_A_protein__T_atp,13,-0.08731597802374484,0.7766849280940842,-0.06043956043956044,0.8445023706449684,0.06043956043956044,growth_rate
constrained,mean_entrance_contacts,5,0.6634108764043948,0.22219785503616843,0.7999999999999999,0.10408803866182788,0.7999999999999999,ki
constrained,complex_ipde,5,0.7480409949741323,0.14594619050303026,0.6,0.28475697986529375,0.6,ki
constrained,ptm,5,-0.5370561670153778,0.3506636012591394,-0.49999999999999994,0.39100221895577053,0.49999999999999994,ki
constrained,iptm,5,-0.4469600084522487,0.45047366623591345,-0.49999999999999994,0.39100221895577053,0.49999999999999994,ki
constrained,ligand_iptm,5,-0.4550972889718111,0.44122667699913964,-0.49999999999999994,0.39100221895577053,0.49999999999999994,ki
constrained,complex_pde,5,0.7626080683823557,0.13379173432620262,0.49999999999999994,0.39100221895577053,0.49999999999999994,ki
constrained,pair_iptm_A_protein__S_substrate2,5,-0.20699279722105635,0.7383428911609037,-0.49999999999999994,0.39100221895577053,0.49999999999999994,ki
constrained,pair_iptm_L_substrate__S_substrate2,5,-0.3615126815206433,0.5499401510162306,-0.49999999999999994,0.39100221895577053,0.49999999999999994,ki
constrained,pair_iptm_S_substrate2__T_atp,5,-0.3709575204003959,0.5387501705146258,-0.49999999999999994,0.39100221895577053,0.49999999999999994,ki
constrained,mean_dist,5,0.3271029829667497,0.5910705355249032,0.49999999999999994,0.39100221895577053,0.49999999999999994,ki
constrained,frac_entrance,5,-0.6018020291629936,0.2829230009367394,-0.49999999999999994,0.39100221895577053,0.49999999999999994,ki
constrained,frac_close,5,-0.4491057603484166,0.4480311620996352,-0.49999999999999994,0.39100221895577053,0.49999999999999994,ki
constrained,mean_mg_s_dist,5,0.3333327858783194,0.5835834687588338,0.49999999999999994,0.39100221895577053,0.49999999999999994,ki
constrained,complex_plddt,5,0.3052934218022615,0.61741395729519,0.39999999999999997,0.5046315754686911,0.39999999999999997,ki
constrained,complex_iplddt,5,0.11920756667725715,0.8485804586001666,0.39999999999999997,0.5046315754686911,0.39999999999999997,ki
constrained,chain_ptm_A_protein,5,0.14819037154226236,0.8120110393578134,0.3,0.6238376647810728,0.3,ki
constrained,pair_iptm_A_protein__T_atp,5,-0.0676001471868975,0.9139944187724598,-0.3,0.6238376647810728,0.3,ki
constrained,pair_iptm_L_substrate__T_atp,5,0.3088981216772997,0.6130460918206179,0.3,0.6238376647810728,0.3,ki
constrained,median_dist,5,0.4658654076220485,0.4290564743314151,0.3,0.6238376647810728,0.3,ki
constrained,mean_contacts,5,-0.11999926952923276,0.8475796671232699,-0.3,0.6238376647810728,0.3,ki
constrained,chain_ptm_T_atp,5,0.5342368068790182,0.35369491147870313,0.19999999999999998,0.747060078104662,0.19999999999999998,ki
constrained,confidence_score,5,-0.3238950635887954,0.5949325538318616,0.09999999999999999,0.8728885715695383,0.09999999999999999,ki
constrained,chain_ptm_S_substrate2,5,-0.16903730233568925,0.785804419692752,0.09999999999999999,0.8728885715695383,0.09999999999999999,ki
constrained,pair_iptm_S_substrate2__S_substrate2,5,-0.16903730233568925,0.785804419692752,0.09999999999999999,0.8728885715695383,0.09999999999999999,ki
constrained,frac_active_site,5,0.4399932008651416,0.45842406956961257,0.09999999999999999,0.8728885715695383,0.09999999999999999,ki
constrained,chain_ptm_L_substrate,5,-0.40862205811048274,0.49459095445434437,0.0,1.0,0.0,ki
constrained,pair_iptm_A_protein__L_substrate,5,-0.31962732701019747,0.6000774324077907,0.0,1.0,0.0,ki
constrained,pair_iptm_L_substrate__L_substrate,5,-0.40862205811048274,0.49459095445434437,0.0,1.0,0.0,ki
no_atp,mean_contacts,5,0.6790586317911625,0.2074302805942702,0.8207826816681234,0.08858700531354378,0.8207826816681234,ki
no_atp,chain_ptm_S_substrate2,5,-0.6312769450930342,0.2533785956075253,-0.7,0.1881204043741873,0.7,ki
no_atp,pair_iptm_S_substrate2__S_substrate2,5,-0.6312769450930342,0.2533785956075253,-0.7,0.1881204043741873,0.7,ki
no_atp,frac_close,5,-0.6276402720861314,0.2569765341908341,-0.5773502691896257,0.308068009250357,0.5773502691896257,ki
no_atp,chain_ptm_L_substrate,5,-0.33410810138209723,0.5826528983861381,-0.49999999999999994,0.39100221895577053,0.49999999999999994,ki
no_atp,pair_iptm_A_protein__L_substrate,5,-0.3025734153820574,0.6207133422145024,-0.49999999999999994,0.39100221895577053,0.49999999999999994,ki
no_atp,pair_iptm_L_substrate__L_substrate,5,-0.33410810138209723,0.5826528983861381,-0.49999999999999994,0.39100221895577053,0.49999999999999994,ki
no_atp,pair_iptm_L_substrate__S_substrate2,5,-0.5258684864409954,0.36272982002024506,-0.49999999999999994,0.39100221895577053,0.49999999999999994,ki
no_atp,mean_dist,5,0.5825107469258206,0.3027152403120167,0.49999999999999994,0.39100221895577053,0.49999999999999994,ki
no_atp,mean_mg_s_dist,5,0.45353738518463027,0.4429960016562674,0.49999999999999994,0.39100221895577053,0.49999999999999994,ki
no_atp,pair_iptm_A_protein__S_substrate2,5,-0.4179693470807173,0.48375369073150465,-0.39999999999999997,0.5046315754686911,0.39999999999999997,ki
no_atp,mean_entrance_contacts,5,0.548814950457093,0.3380908567199252,0.39999999999999997,0.5046315754686911,0.39999999999999997,ki
no_atp,frac_entrance,5,-0.015789692379525294,0.9798967746663528,-0.28867513459481287,0.6376180914006018,0.28867513459481287,ki
no_atp,frac_active_site,5,-0.4739374211142077,0.4199842771188848,-0.22360679774997896,0.7176856442107861,0.22360679774997896,ki
no_atp,ptm,5,-0.3445086055406983,0.5701962356121324,-0.19999999999999998,0.747060078104662,0.19999999999999998,ki
no_atp,iptm,5,-0.31024482845398116,0.6114156433027437,-0.19999999999999998,0.747060078104662,0.19999999999999998,ki
no_atp,ligand_iptm,5,-0.31024482845398116,0.6114156433027437,-0.19999999999999998,0.747060078104662,0.19999999999999998,ki
no_atp,complex_pde,5,0.5257588613244064,0.3628485459149098,0.19999999999999998,0.747060078104662,0.19999999999999998,ki
no_atp,complex_ipde,5,0.509353811682417,0.38072059284644455,0.19999999999999998,0.747060078104662,0.19999999999999998,ki
no_atp,chain_ptm_A_protein,5,-0.27685297028168976,0.652056141236666,0.19999999999999998,0.747060078104662,0.19999999999999998,ki
no_atp,confidence_score,5,-0.269618647636647,0.6609166379576896,-0.09999999999999999,0.8728885715695383,0.09999999999999999,ki
no_atp,complex_plddt,5,-0.2526695023267501,0.6817478321013622,-0.09999999999999999,0.8728885715695383,0.09999999999999999,ki
no_atp,complex_iplddt,5,-0.3040555928814942,0.618915078897028,-0.09999999999999999,0.8728885715695383,0.09999999999999999,ki
no_atp,median_dist,5,-0.20970098496463976,0.7349703907038133,-0.09999999999999999,0.8728885715695383,0.09999999999999999,ki
no_cofactor,complex_iplddt,5,-0.4283657887168205,0.47176022246124755,-0.49999999999999994,0.39100221895577053,0.49999999999999994,ki
no_cofactor,mean_entrance_contacts,5,0.5109540680129218,0.3789681655570107,0.49999999999999994,0.39100221895577053,0.49999999999999994,ki
no_cofactor,frac_active_site,5,-0.42060899858817,0.4807024818930205,-0.35355339059327373,0.5594043441634877,0.35355339059327373,ki
no_cofactor,frac_close,5,-0.41335711930216734,0.48909480520788834,-0.35355339059327373,0.5594043441634877,0.35355339059327373,ki
no_cofactor,confidence_score,5,-0.39082255061668836,0.5153643278774178,-0.3,0.6238376647810728,0.3,ki
no_cofactor,iptm,5,-0.45249735746559505,0.44417653204844204,-0.3,0.6238376647810728,0.3,ki
no_cofactor,ligand_iptm,5,-0.45249735746559505,0.44417653204844204,-0.3,0.6238376647810728,0.3,ki
no_cofactor,complex_plddt,5,-0.36849783955031146,0.5416600162459908,-0.3,0.6238376647810728,0.3,ki
no_cofactor,complex_pde,5,0.5128435693142993,0.3769014843581338,0.3,0.6238376647810728,0.3,ki
no_cofactor,pair_iptm_A_protein__S_substrate2,5,0.04897734693397428,0.9376650453492945,0.3,0.6238376647810728,0.3,ki
no_cofactor,mean_contacts,5,0.42747593936752165,0.47278423838139777,0.3,0.6238376647810728,0.3,ki
no_cofactor,mean_dist,5,0.35998188152800425,0.551757982176236,0.19999999999999998,0.747060078104662,0.19999999999999998,ki
no_cofactor,ptm,5,-0.04870399112547577,0.938012677407448,0.09999999999999999,0.8728885715695383,0.09999999999999999,ki
no_cofactor,complex_ipde,5,0.5048472246214928,0.3856660621262717,0.09999999999999999,0.8728885715695383,0.09999999999999999,ki
no_cofactor,chain_ptm_A_protein,5,0.021819534068814345,0.9722207109581299,0.09999999999999999,0.8728885715695383,0.09999999999999999,ki
no_cofactor,chain_ptm_L_substrate,5,-0.11636675592109019,0.8521723112947862,0.09999999999999999,0.8728885715695383,0.09999999999999999,ki
no_cofactor,chain_ptm_S_substrate2,5,-0.40975239468619784,0.4932777657051808,-0.09999999999999999,0.8728885715695383,0.09999999999999999,ki
no_cofactor,pair_iptm_A_protein__L_substrate,5,-0.4421567717522671,0.4559517695058983,-0.09999999999999999,0.8728885715695383,0.09999999999999999,ki
no_cofactor,pair_iptm_L_substrate__L_substrate,5,-0.11636675592109019,0.8521723112947862,0.09999999999999999,0.8728885715695383,0.09999999999999999,ki
no_cofactor,pair_iptm_L_substrate__S_substrate2,5,-0.5522749946488753,0.33441315398148663,-0.09999999999999999,0.8728885715695383,0.09999999999999999,ki
no_cofactor,pair_iptm_S_substrate2__S_substrate2,5,-0.40975239468619784,0.4932777657051808,-0.09999999999999999,0.8728885715695383,0.09999999999999999,ki
no_cofactor,median_dist,5,-0.13394476902520613,0.829967564566081,-0.09999999999999999,0.8728885715695383,0.09999999999999999,ki
no_cofactor,frac_entrance,5,0.005921134642321996,0.9924610212767423,0.0,1.0,0.0,ki
no_constraint,median_dist,5,0.6060063210015445,0.278656306690957,0.7999999999999999,0.10408803866182788,0.7999999999999999,ki
no_constraint,iptm,5,-0.4822465898440986,0.41069218929313506,-0.7,0.1881204043741873,0.7,ki
no_constraint,complex_pde,5,0.4669773931895592,0.4278040894130694,0.7,0.1881204043741873,0.7,ki
no_constraint,complex_ipde,5,0.4471139718980187,0.45029831226827033,0.7,0.1881204043741873,0.7,ki
no_constraint,chain_ptm_L_substrate,5,0.5350101659167502,0.3528627752817144,0.7,0.1881204043741873,0.7,ki
no_constraint,pair_iptm_A_protein__L_substrate,5,0.559008408664778,0.3272851955861554,0.7,0.1881204043741873,0.7,ki
no_constraint,pair_iptm_L_substrate__L_substrate,5,0.5350101659167502,0.3528627752817144,0.7,0.1881204043741873,0.7,ki
no_constraint,pair_iptm_S_substrate2__T_atp,5,-0.5610261604396803,0.32515676146149236,-0.7,0.1881204043741873,0.7,ki
no_constraint,ptm,5,-0.49649918574654306,0.39486690968799293,-0.6,0.28475697986529375,0.6,ki
no_constraint,chain_ptm_A_protein,5,0.24465872585684378,0.6916270666012859,0.49999999999999994,0.39100221895577053,0.49999999999999994,ki
no_constraint,pair_iptm_L_substrate__T_atp,5,0.5048820122444588,0.3856278284930616,0.49999999999999994,0.39100221895577053,0.49999999999999994,ki
no_constraint,frac_active_site,5,-0.49415831610371136,0.39745607510659114,-0.4472135954999579,0.45018485575210093,0.4472135954999579,ki
no_constraint,frac_entrance,5,-0.4486629596007452,0.4485349603893097,-0.4103913408340617,0.4925357817027974,0.4103913408340617,ki
no_constraint,frac_close,5,-0.54784814424211,0.33912027381903814,-0.4103913408340617,0.4925357817027974,0.4103913408340617,ki
no_constraint,confidence_score,5,-0.25217130414913036,0.6823616167683951,-0.39999999999999997,0.5046315754686911,0.39999999999999997,ki
no_constraint,ligand_iptm,5,-0.42468121840521283,0.4760034261256508,-0.39999999999999997,0.5046315754686911,0.39999999999999997,ki
no_constraint,mean_dist,5,0.524358214534899,0.3643663019922276,0.39999999999999997,0.5046315754686911,0.39999999999999997,ki
no_constraint,mean_contacts,5,-0.5670774957205011,0.318794626025973,-0.39999999999999997,0.5046315754686911,0.39999999999999997,ki
no_constraint,mean_mg_s_dist,5,0.49629907282192204,0.3950880929282798,0.39999999999999997,0.5046315754686911,0.39999999999999997,ki
no_constraint,complex_plddt,5,0.4190512656674258,0.4825025910086412,0.3,0.6238376647810728,0.3,ki
no_constraint,complex_iplddt,5,0.22218722947749037,0.719447622665877,0.3,0.6238376647810728,0.3,ki
no_constraint,chain_ptm_S_substrate2,5,-0.5590769940715844,0.32721279049405544,-0.3,0.6238376647810728,0.3,ki
no_constraint,pair_iptm_A_protein__T_atp,5,0.08673640419591279,0.8897024092593712,-0.3,0.6238376647810728,0.3,ki
no_constraint,pair_iptm_L_substrate__S_substrate2,5,-0.5433369485567584,0.34393388789926777,-0.3,0.6238376647810728,0.3,ki
no_constraint,pair_iptm_S_substrate2__S_substrate2,5,-0.5590769940715844,0.32721279049405544,-0.3,0.6238376647810728,0.3,ki
no_constraint,mean_entrance_contacts,5,0.32401502939187077,0.59478804579832,0.20519567041703085,0.7405819415910722,0.20519567041703085,ki
no_constraint,chain_ptm_T_atp,5,0.4314147422180292,0.46825519641455254,0.19999999999999998,0.747060078104662,0.19999999999999998,ki
no_constraint,pair_iptm_A_protein__S_substrate2,5,-0.5633582728264501,0.322701100773141,-0.19999999999999998,0.747060078104662,0.19999999999999998,ki
