variant,condition,confidence_score,ptm,iptm,ligand_iptm,protein_iptm,complex_plddt,complex_iplddt,complex_pde,complex_ipde,chain_ptm_A_protein,chain_ptm_L_substrate,chain_ptm_S_substrate2,chain_ptm_T_atp,chain_ptm_M_mg,pair_iptm_A_protein__A_protein,pair_iptm_A_protein__L_substrate,pair_iptm_A_protein__S_substrate2,pair_iptm_A_protein__T_atp,pair_iptm_A_protein__M_mg,pair_iptm_L_substrate__L_substrate,pair_iptm_L_substrate__S_substrate2,pair_iptm_L_substrate__T_atp,pair_iptm_L_substrate__M_mg,pair_iptm_S_substrate2__S_substrate2,pair_iptm_S_substrate2__T_atp,pair_iptm_S_substrate2__M_mg,pair_iptm_T_atp__T_atp,pair_iptm_T_atp__M_mg,pair_iptm_M_mg__M_mg,ki,titer,kcat,km,kcat_km,growth_rate,mean_dist,std_dist,median_dist,frac_entrance,frac_active_site,frac_close,mean_contacts,mean_entrance_contacts,mean_mg_s_dist
GKQ,constrained,0.9033243834972382,0.9637809872627259,0.9024937951564789,0.9063245451450348,0.0,0.9035320174694061,0.8059900832176209,0.4282817816734314,0.894588395357132,0.9742094194889068,0.9666439747810364,0.9187766861915588,0.9644558513164521,0.0,0.9742094194889068,0.6895205253362655,0.18626993492245675,0.8885333037376404,0.0,0.9666439747810364,0.21997735247015954,0.8994252419471741,0.0,0.9187766861915588,0.5586022925376892,0.0,0.9644558513164521,0.0,0.0,11.0,8.0,0.22,0.5,0.5,,33.21606387816802,8.430505681641879,36.49659727767943,0.04,0.02,0.06,2.14,10.5,34.99054026157192
GKQ,no_atp,0.9111870706081391,0.9696975231170655,0.9426753938198089,0.9426753938198089,0.0,0.9033149719238281,0.7711749374866486,0.43822197020053866,1.1456354081630706,0.9718131840229034,0.9651547074317932,0.9215815305709839,0.0,,0.9718131840229034,0.6748873353004455,0.3790922150015831,0.0,,0.9651547074317932,0.6272006258368492,0.0,,0.9215815305709839,0.0,,0.0,,,11.0,8.0,0.22,0.5,0.5,,9.37389748746557,5.860340964657063,7.089545921393423,0.8,0.1,0.9,7.4,7.875,12.011045504423219
GKQ,no_cofactor,0.9104090392589569,0.9612910866737365,0.9234747171401978,0.9234747171401978,0.0,0.9071426153182983,0.7714673995971679,0.4921431541442871,1.455074667930603,0.9642522215843201,0.951203316450119,0.9029212474822998,,,0.9642522215843201,0.6126354038715363,0.2876172631978989,,,0.951203316450119,0.5591856688261032,,,0.9029212474822998,,,,,,11.0,8.0,0.22,0.5,0.5,,8.276597643391536,2.42577845519565,7.419831395887738,0.9,0.1,1.0,8.1,7.888888888888889,
GKQ,no_constraint,0.9050601184368133,0.9662797093391419,0.9139630973339081,0.9145789086818695,0.0,0.9028343558311462,0.8070341348648071,0.44008318781852723,0.931321257352829,0.9744878649711609,0.9691874802112579,0.9119003474712372,0.9655004680156708,0.0,0.9744878649711609,0.7118589520454407,0.20025986135005952,0.8867944300174713,0.0,0.9691874802112579,0.23586062341928482,0.9039257287979126,0.0,0.9119003474712372,0.6161272883415222,0.0,0.9655004680156708,0.0,0.0,11.0,8.0,0.22,0.5,0.5,,27.175079490613694,7.442304170180121,22.639874949093347,0.0,0.0,0.0,3.6,0.0,28.719415304152403
HKQ,constrained,0.9008281612396241,0.9635144102573395,0.8987913703918458,0.9040654373168945,0.0,0.9013373506069183,0.7974876928329467,0.44985109090805053,0.9760803437232971,0.9745777857303619,0.9690012502670288,0.9141587781906128,0.9609940934181214,0.0,0.9745777857303619,0.706184698343277,0.16902345806360244,0.8892097914218903,0.0,0.9690012502670288,0.19611356496810914,0.8976216530799865,0.0,0.9141587781906128,0.5280642774701119,0.0,0.9609940934181214,0.0,0.0,80.0,1079.0,0.16,0.4,0.4,0.79,33.471580805767374,7.563700701958133,36.10748768929544,0.02,0.0,0.02,1.8,11.0,35.4862498186898
HKQ,no_atp,0.9145218551158905,0.9699917733669281,0.9494096040725708,0.9494096040725708,0.0,0.9057999074459075,0.7762770593166352,0.4283706396818161,1.0871899902820588,0.9716394245624542,0.9651103794574738,0.9227850794792175,0.0,,0.9716394245624542,0.6732108235359192,0.395935982465744,0.0,,0.9651103794574738,0.6495443850755691,0.0,,0.9227850794792175,0.0,,0.0,,,80.0,1079.0,0.16,0.4,0.4,0.79,8.946060846001902,5.11222530127128,7.2574871473955405,0.9,0.0,0.9,7.4,7.444444444444445,11.146627929782799
HKQ,no_cofactor,0.9105674505233765,0.9610649466514587,0.9212013840675354,0.9212013840675354,0.0,0.90790895819664,0.7681201577186585,0.49232394993305206,1.4533527493476868,0.9641305387020112,0.9508267879486084,0.9030269086360931,,,0.9641305387020112,0.606526517868042,0.2797980964183807,,,0.9508267879486084,0.5360803678631783,,,0.9030269086360931,,,,,,80.0,1079.0,0.16,0.4,0.4,0.79,9.71051774725495,5.000341697420381,8.278322712851505,0.9,0.0,0.9,7.9,8.0,
HKQ,no_constraint,0.9084486424922943,0.9684394717216491,0.9293842494487763,0.9293842494487763,0.0,0.9032147228717804,0.807586133480072,0.48096533715724943,1.0655230402946472,0.9746744394302368,0.9706196784973145,0.908619499206543,0.9631733298301697,0.0,0.9746744394302368,0.7209987163543701,0.2207924723625183,0.89099680185318,0.0,0.9706196784973145,0.25543773025274275,0.9003470301628113,0.0,0.908619499206543,0.6757677018642425,0.0,0.9631733298301697,0.0,0.0,80.0,1079.0,0.16,0.4,0.4,0.79,24.80845524304782,4.522680868397287,23.938295739814066,0.0,0.0,0.0,4.2,0.0,24.356878637027812
I145A,constrained,0.9041583025455475,0.9660488247871399,0.917649632692337,0.9201153874397278,0.0,0.9007854676246643,0.7977364051342011,0.4276401722431183,0.8955116903781891,0.9743052184581756,0.9667494904994964,0.923658756017685,0.9567002701759338,0.0,0.9743052184581756,0.6914227086305619,0.2532316069304943,0.8912429177761078,0.0,0.9667494904994964,0.34526406332850457,0.888204380273819,0.0,0.923658756017685,0.6422362425923347,0.0,0.9567002701759338,0.0,0.0,,623.0,0.029,2.0,0.01,0.17,25.77403899675103,12.463513460042105,33.92660802160697,0.32,0.06,0.38,3.74,7.3125,26.334503271713615
I145A,no_atp,0.9224376320838928,0.9713936030864716,0.9538449227809906,0.9538449227809906,0.0,0.9145857810974121,0.8106150448322296,0.4121610462665558,1.008096557855606,0.9727923750877381,0.9670953869819641,0.9259637534618378,0.0,,0.9727923750877381,0.6896802127361298,0.4057684361934662,0.0,,0.9670953869819641,0.690829873085022,0.0,,0.9259637534618378,0.0,,0.0,,,,623.0,0.029,2.0,0.01,0.17,7.286355745229189,1.4786442705957417,6.693289453339236,0.9,0.1,1.0,6.4,6.111111111111111,8.94448953369473
I145A,no_cofactor,0.9184687674045563,0.9608774423599243,0.9219926595687866,0.9219926595687866,0.0,0.9175877928733825,0.8061603665351867,0.4855039954185486,1.4077582120895387,0.963903421163559,0.9534643888473511,0.9033201575279236,,,0.963903421163559,0.6127531588077545,0.27575005292892457,,,0.9534643888473511,0.5490745931863785,,,0.9033201575279236,,,,,,,623.0,0.029,2.0,0.01,0.17,9.054130550841666,2.102875651109657,9.416274733570077,1.0,0.0,1.0,7.0,7.0,
I145A,no_constraint,0.9087283849716187,0.9711252212524414,0.9481577813625336,0.9484120547771454,0.0,0.8988710224628449,0.7962582051753998,0.43661401569843294,0.9209919989109039,0.9748256206512451,0.9633736729621887,0.9375606119632721,0.9641435205936432,0.0,0.9748256206512451,0.6619905650615692,0.40905432850122453,0.8975619077682495,0.0,0.9633736729621887,0.5895612895488739,0.890220582485199,0.0,0.9375606119632721,0.7985371232032776,0.0,0.9641435205936432,0.0,0.0,,623.0,0.029,2.0,0.01,0.17,13.330810523953634,6.753533496113019,10.459928550774222,0.7,0.2,0.9,8.7,8.428571428571429,11.124859236764777
I145F,constrained,0.9050544583797455,0.9669286978244781,0.9255776309967041,0.9278127539157868,0.0,0.8999236559867859,0.7964173913002014,0.43462941646575926,0.9222807133197785,0.973996559381485,0.9641142189502716,0.9262142825126648,0.9578371012210846,0.0,0.973996559381485,0.6694031035900116,0.30105008572340014,0.8902975118160248,0.0,0.9641142189502716,0.422288194000721,0.884548374414444,0.0,0.9262142825126648,0.682271599471569,0.0,0.9578371012210846,0.0,0.0,,,0.28,1.36,0.2,,20.9390710899047,12.288303720345123,12.843380302371592,0.48,0.1,0.58,5.2,7.166666666666667,20.3953467007165
I145F,no_atp,0.9215994417667389,0.9698186397552491,0.9442854464054108,0.9442854464054108,0.0,0.9159279465675354,0.8105715394020081,0.43275058567523955,1.133195048570633,0.9718513309955596,0.9659676134586335,0.9210825800895691,0.0,,0.9718513309955596,0.6797048628330231,0.362248095870018,0.0,,0.9659676134586335,0.6399875104427337,0.0,,0.9210825800895691,0.0,,0.0,,,,,0.28,1.36,0.2,,8.788340086555651,0.948945408516821,9.154627644821138,0.9,0.1,1.0,5.8,5.444444444444445,10.985575556681024
I145F,no_cofactor,0.9188242256641388,0.9605208337306976,0.9177740633487701,0.9177740633487701,0.0,0.9190867662429809,0.8136029839515686,0.48920499086380004,1.4462528109550477,0.9638312637805939,0.9520958721637726,0.9020230174064636,,,0.9638312637805939,0.6076009094715118,0.27414264976978303,,,0.9520958721637726,0.5218153983354569,,,0.9020230174064636,,,,,,,,0.28,1.36,0.2,,9.967818564669946,2.027364554494623,9.608852981511468,1.0,0.0,1.0,5.9,5.9,
I145F,no_constraint,0.9065232872962952,0.9681098818778991,0.9338814675807953,0.9351817727088928,0.0,0.8996836900711059,0.7968885779380799,0.43205291628837583,0.8921980023384094,0.9735833823680877,0.9716442704200745,0.9253929257392883,0.9621621787548065,0.0,0.9735833823680877,0.7239715874195098,0.28863251209259033,0.8875708758831025,0.0,0.9716442704200745,0.42965552061796186,0.8983896315097809,0.0,0.9253929257392883,0.7080929994583129,0.0,0.9621621787548065,0.0,0.0,,,0.28,1.36,0.2,,20.240010563277416,10.372867471833157,16.696139216685307,0.5,0.0,0.5,5.2,7.6,19.306858690052934
I226V,constrained,0.903605751991272,0.9642846095561981,0.9144510948657989,0.9184427678585052,0.0,0.90089439868927,0.797658178806305,0.43706856429576874,0.9391922640800476,0.973209445476532,0.9626997780799865,0.9267125022411347,0.9547009909152985,0.0,0.973209445476532,0.6625017714500427,0.2636940638720989,0.8893756985664367,0.0,0.9626997780799865,0.3405760131776333,0.8808208072185516,0.0,0.9267125022411347,0.6239071962237358,0.0,0.9547009909152985,0.0,0.0,,633.0,0.16,0.34,0.46,0.35,26.386283352830645,12.745258842398801,34.4817261542354,0.24,0.12,0.36,3.9,6.916666666666667,26.899614791233102
I226V,no_atp,0.9226303279399872,0.9706319749355317,0.9496166288852692,0.9496166288852692,0.0,0.91588374376297,0.8155831873416901,0.4204076886177063,1.0582335293293,0.9723483741283416,0.966704910993576,0.9249496042728425,0.0,,0.9723483741283416,0.6848090291023254,0.38622637987136843,0.0,,0.966704910993576,0.6647787034511566,0.0,,0.9249496042728425,0.0,,0.0,,,,633.0,0.16,0.34,0.46,0.35,8.003518055496789,1.6032428330622492,8.526277530031601,0.9,0.1,1.0,5.7,5.333333333333333,10.09048867070845
I226V,no_cofactor,0.9181795299053193,0.9622546672821045,0.9273457646369934,0.9273457646369934,0.0,0.915887975692749,0.8043214440345764,0.47176205813884736,1.3357203125953674,0.9649454474449157,0.9550560116767883,0.9073404729366302,,,0.9649454474449157,0.6258198857307434,0.29322374761104586,,,0.9550560116767883,0.5699297398328781,,,0.9073404729366302,,,,,,,633.0,0.16,0.34,0.46,0.35,8.681388526114738,2.1063155672518508,9.36534133416633,1.0,0.0,1.0,6.7,6.7,
I226V,no_constraint,0.9077178418636322,0.9679365396499634,0.9351588249206543,0.9352361142635346,0.0,0.9008575856685639,0.7981691181659698,0.432219997048378,0.8977417826652527,0.9731888175010681,0.9668239772319793,0.9306428968906403,0.9614405572414398,0.0,0.9731888175010681,0.6922134965658188,0.3295554041862488,0.8883094847202301,0.0,0.9668239772319793,0.4626970961689949,0.8905922293663024,0.0,0.9306428968906403,0.727106699347496,0.0,0.9614405572414398,0.0,0.0,,633.0,0.16,0.34,0.46,0.35,20.91654166922211,12.924957687579305,11.959293580894496,0.5,0.1,0.6,5.9,7.6,19.92424232591564
K22M,constrained,0.9027444660663605,0.9630134153366089,0.9076277482509613,0.911670116186142,0.0,0.9015236330032349,0.8013234913349152,0.43234053134918216,0.9126579594612122,0.9727709484100342,0.9660764408111572,0.9205146420001984,0.9530090987682343,0.0,0.9727709484100342,0.6863637137413025,0.20735046610236169,0.8880849885940552,0.0,0.9660764408111572,0.2602347952127457,0.8881125521659851,0.0,0.9205146420001984,0.5855297258496285,0.0,0.9530090987682343,0.0,0.0,,22.0,0.09,1.3,0.12,,30.24353944225119,10.26998689883,34.849039234144186,0.18,0.0,0.18,2.58,7.666666666666667,31.649683001633534
K22M,no_atp,0.923507159948349,0.9702535271644592,0.9474392831325531,0.9474392831325531,0.0,0.9175241231918335,0.8171919763088227,0.4262165367603302,1.087498950958252,0.9721099436283112,0.9638613760471344,0.9211501181125641,0.0,,0.9721099436283112,0.6663948118686676,0.37715762555599214,0.0,,0.9638613760471344,0.6066915273666382,0.0,,0.9211501181125641,0.0,,0.0,,,,22.0,0.09,1.3,0.12,,10.241656280691934,1.544544493350366,9.713265348803512,1.0,0.0,1.0,5.7,5.7,11.549982770306958
K22M,no_cofactor,0.9147932171821594,0.9589036166667938,0.9103488385677337,0.9103488385677337,0.0,0.9159042775630951,0.7990889370441436,0.5028663635253906,1.5132540106773376,0.9627023220062256,0.9480350494384766,0.8990469098091125,,,0.9627023220062256,0.5749659538269043,0.2644105195999146,,,0.9480350494384766,0.445547080039978,,,0.8990469098091125,,,,,,,22.0,0.09,1.3,0.12,,11.846240465132103,1.8016997757846909,12.190382532321902,1.0,0.0,1.0,7.0,7.0,
K22M,no_constraint,0.9042302966117859,0.9655406236648559,0.9231482207775116,0.9232279300689697,0.0,0.8995007991790771,0.7983819007873535,0.43937101364135744,0.9174913227558136,0.9721488237380982,0.9685804665088653,0.9133689403533936,0.9594773113727569,0.0,0.9721488237380982,0.7052506804466248,0.2223111040890217,0.8866355240345001,0.0,0.9685804665088653,0.29565247148275375,0.8929726958274842,0.0,0.9133689403533936,0.6701816022396088,0.0,0.9594773113727569,0.0,0.0,,22.0,0.09,1.3,0.12,,25.582974394886133,11.189573796911075,30.641667040620803,0.4,0.0,0.4,4.5,6.75,25.28188991925746
K22Y,constrained,0.9043223631381988,0.9630264568328858,0.908348239660263,0.9117040169239045,0.0,0.90331587433815,0.8002922534942627,0.4399738830327988,0.941851521730423,0.9723915040493012,0.9615743064880371,0.9210400569438935,0.951686818599701,0.0,0.9723915040493012,0.6567336863279343,0.22834949359297751,0.8870484948158264,0.0,0.9615743064880371,0.2908638037741184,0.8811688363552094,0.0,0.9210400569438935,0.6072980871796608,0.0,0.951686818599701,0.0,0.0,,22.0,0.09,1.3,0.12,0.13,28.62779108725254,11.118210164948797,34.9522381791363,0.24,0.06,0.3,2.6,5.75,29.42257209353356
K22Y,no_atp,0.9238285779953003,0.9697926342487335,0.94453364610672,0.94453364610672,0.0,0.9186522960662842,0.8183993875980378,0.43447948694229127,1.1328198194503785,0.9718777418136597,0.9626515448093415,0.9208775818347931,0.0,,0.9718777418136597,0.6606003522872925,0.3687869369983673,0.0,,0.9626515448093415,0.5802863955497741,0.0,,0.9208775818347931,0.0,,0.0,,,,22.0,0.09,1.3,0.12,0.13,10.673451110500988,1.2723424147283178,10.456216096920095,1.0,0.0,1.0,5.7,5.7,11.994826462059205
K22Y,no_cofactor,0.9143163979053497,0.9572903513908386,0.9084830045700073,0.9084830045700073,0.0,0.9157747149467468,0.7978876531124115,0.511322158575058,1.5473949670791627,0.9611517429351807,0.9447023749351502,0.8984976768493652,,,0.9611517429351807,0.5560338973999024,0.26393563747406007,,,0.9447023749351502,0.44030948877334597,,,0.8984976768493652,,,,,,,22.0,0.09,1.3,0.12,0.13,12.60854973157755,3.522311582859167,12.308137630071819,0.9,0.0,0.9,6.7,6.777777777777778,
K22Y,no_constraint,0.9053725123405456,0.9648327827453613,0.9196122467517853,0.9209850788116455,0.0,0.901812595129013,0.8000689327716828,0.445560884475708,0.9410187065601349,0.9720297515392303,0.9666758239269256,0.9147327661514282,0.9597112536430359,0.0,0.9720297515392303,0.6935620307922363,0.22921153157949448,0.8881469190120697,0.0,0.9666758239269256,0.3177568703889847,0.8921366453170776,0.0,0.9147327661514282,0.6555876761674881,0.0,0.9597112536430359,0.0,0.0,,22.0,0.09,1.3,0.12,0.13,24.16660454129338,9.46805406064247,26.95512962446598,0.3,0.0,0.3,3.6,6.0,23.769224484303315
M212Q,constrained,0.9001474559307099,0.9643134200572967,0.9141720986366272,0.9170751178264618,0.0,0.8966412806510925,0.7940589272975922,0.42814018070697785,0.8938671243190766,0.9728790557384491,0.9667105913162232,0.9207152855396271,0.9558473539352417,0.0,0.9728790557384491,0.6843930673599243,0.23294728338718415,0.8874688899517059,0.0,0.9667105913162232,0.32510954171419143,0.8843747437000274,0.0,0.9207152855396271,0.626032423377037,0.0,0.9558473539352417,0.0,0.0,,601.0,0.35,0.7,0.5,0.09,26.613496743845367,12.406021718834332,34.08346072558386,0.36,0.02,0.38,3.58,7.833333333333333,27.22879830874893
M212Q,no_atp,0.9218639492988586,0.9703857183456421,0.94917111992836,0.94917111992836,0.0,0.9150371432304383,0.8144387841224671,0.41894614696502686,1.06018625497818,0.9721221685409546,0.9664277255535125,0.9248788774013519,0.0,,0.9721221685409546,0.6779371917247772,0.3763715326786041,0.0,,0.9664277255535125,0.6376352131366729,0.0,,0.9248788774013519,0.0,,0.0,,,,601.0,0.35,0.7,0.5,0.09,9.33415610252206,1.1572913234452242,9.682897938092063,1.0,0.0,1.0,5.4,5.4,12.308824460023784
M212Q,no_cofactor,0.9159238517284394,0.9601300120353699,0.9185180485248565,0.9185180485248565,0.0,0.9152752995491028,0.8031211614608764,0.4858008772134781,1.4240562081336976,0.9632919609546662,0.9509797394275665,0.9049733936786651,,,0.9632919609546662,0.604680860042572,0.26895663887262344,,,0.9509797394275665,0.535561665892601,,,0.9049733936786651,,,,,,,601.0,0.35,0.7,0.5,0.09,9.678788023081678,1.2699753268395673,10.058179334296526,1.0,0.0,1.0,5.8,5.8,
M212Q,no_constraint,0.9071009278297424,0.968283063173294,0.9395890653133392,0.9395890653133392,0.0,0.8989789068698884,0.8004679203033447,0.4240731507539749,0.8619474947452546,0.972947770357132,0.9715648412704467,0.9278625428676606,0.9626328408718109,0.0,0.972947770357132,0.718765139579773,0.30571471005678175,0.8914341866970062,0.0,0.9715648412704467,0.4775597780942917,0.899182403087616,0.0,0.9278625428676606,0.7455773413181305,0.0,0.9626328408718109,0.0,0.0,,601.0,0.35,0.7,0.5,0.09,17.605120543707294,9.726269129910701,12.625065293509298,0.7,0.0,0.7,6.5,8.285714285714286,16.21524815321264
R147K,constrained,0.903406138420105,0.9658387410640716,0.9138215684890747,0.9169155263900757,0.0,0.9008022630214692,0.7977795016765594,0.4145708680152893,0.8475812900066376,0.9745915305614471,0.9709117925167083,0.9230534756183624,0.9557243347167969,0.0,0.9745915305614471,0.7168275856971741,0.22192085310816764,0.8914312946796418,0.0,0.9709117925167083,0.29639345794916155,0.8918189573287963,0.0,0.9230534756183624,0.6184086525440216,0.0,0.9557243347167969,0.0,0.0,,793.0,0.149,0.5,0.32,0.56,28.69629351356696,11.548193628546342,34.804045212845494,0.28,0.0,0.28,2.64,7.0,29.993088713185116
R147K,no_atp,0.9212695538997651,0.9710406422615051,0.9523825764656066,0.9523825764656066,0.0,0.9134913086891174,0.8006359696388244,0.41517698764801025,1.0249952673912048,0.9725800573825836,0.9660879790782928,0.9261505722999572,0.0,,0.9725800573825836,0.6810339510440826,0.3908758401870728,0.0,,0.9660879790782928,0.6740210831165314,0.0,,0.9261505722999572,0.0,,0.0,,,,793.0,0.149,0.5,0.32,0.56,8.224106300982967,1.8101195442340234,8.716789546506114,0.9,0.1,1.0,6.5,6.111111111111111,10.489019104624628
R147K,no_cofactor,0.9160171687602997,0.9604206800460815,0.918824702501297,0.918824702501297,0.0,0.9153152704238892,0.8004428684711457,0.490775066614151,1.446004831790924,0.963692182302475,0.951235556602478,0.9007968306541443,,,0.963692182302475,0.6016032338142395,0.2746408939361572,,,0.951235556602478,0.5046094954013824,,,0.9007968306541443,,,,,,,793.0,0.149,0.5,0.32,0.56,10.024660980094303,2.726406022679168,9.862004400730882,0.9,0.1,1.0,7.2,7.111111111111111,
R147K,no_constraint,0.9073563337326049,0.9695307016372681,0.9421611547470092,0.943608820438385,0.0,0.898655104637146,0.7948134064674377,0.4271223694086075,0.8768145501613617,0.9741586804389953,0.9732647716999054,0.9251256465911866,0.9606943964958191,0.0,0.9741586804389953,0.7331665754318237,0.31635973900556563,0.8916444957256318,0.0,0.9732647716999054,0.5054721176624298,0.8978722751140594,0.0,0.9251256465911866,0.7472854167222976,0.0,0.9606943964958191,0.0,0.0,,793.0,0.149,0.5,0.32,0.56,16.322033231905973,9.663732495808063,11.663445595703372,0.8,0.0,0.8,6.6,7.625,14.950908101257212
R74G,constrained,0.9034560310840607,0.9641014206409454,0.9086635005474091,0.9117510092258453,0.0,0.9021541500091552,0.8007665860652924,0.43880954921245574,0.9359895145893097,0.9733953845500946,0.9632871079444886,0.9235202074050903,0.9639694690704346,0.0,0.9733953845500946,0.666532119512558,0.245131788700819,0.8886633503437043,0.0,0.9632871079444886,0.2918429759144783,0.8923520541191101,0.0,0.9235202074050903,0.6033553314208985,0.0,0.9639694690704346,0.0,0.0,110.0,975.0,0.14,3.4,0.04,0.81,28.916646688222105,11.24995527992757,34.957806639205785,0.06,0.12,0.18,3.76,10.666666666666666,29.965119051280464
R74G,no_atp,0.9167595505714417,0.969761872291565,0.9456901133060456,0.9456901133060456,0.0,0.9095268905162811,0.7901687145233154,0.4367761671543121,1.1375286996364593,0.9717409074306488,0.9663392007350922,0.9210319578647613,0.0,,0.9717409074306488,0.6831288397312164,0.38408302664756777,0.0,,0.9663392007350922,0.6257216811180115,0.0,,0.9210319578647613,0.0,,0.0,,,110.0,975.0,0.14,3.4,0.04,0.81,9.825657548644951,6.261419112067211,7.932134859412358,0.8,0.1,0.9,7.6,7.75,12.038924491085947
R74G,no_cofactor,0.9141323328018188,0.9605449914932251,0.9234799325466156,0.9234799325466156,0.0,0.911795437335968,0.7860672295093536,0.49018320739269255,1.4372509598731995,0.9635035037994385,0.9529477000236511,0.9033255696296691,,,0.9635035037994385,0.6123572170734406,0.29730878621339796,,,0.9529477000236511,0.5512496113777161,,,0.9033255696296691,,,,,,110.0,975.0,0.14,3.4,0.04,0.81,9.067158544917412,3.278120028823226,8.795582711066324,1.0,0.0,1.0,7.5,7.5,
R74G,no_constraint,0.9032300472259521,0.9649843394756317,0.9124585628509522,0.9165495753288269,0.0,0.9009229004383087,0.7975574016571045,0.4483776867389679,0.9642691075801849,0.9736225187778473,0.9714958071708679,0.9143914461135865,0.96539266705513,0.0,0.9736225187778473,0.7272591948509216,0.215501306951046,0.8893042027950286,0.0,0.9714958071708679,0.27662326395511627,0.905693632364273,0.0,0.9143914461135865,0.6051097303628922,0.0,0.96539266705513,0.0,0.0,110.0,975.0,0.14,3.4,0.04,0.81,26.268534908568192,8.888090448780403,22.889519693241503,0.1,0.0,0.1,3.8,11.0,27.371524317729648
R74G-R147K,constrained,0.9017070853710174,0.9639681804180146,0.9041649580001831,0.9091097176074981,0.0,0.9010925936698914,0.7971533703804016,0.43272792994976045,0.9179496395587922,0.9744528341293335,0.9666351389884948,0.9219459593296051,0.9639884340763092,0.0,0.9744528341293335,0.690315712094307,0.2114783775806427,0.8903101885318756,0.0,0.9666351389884948,0.25269643843173983,0.8967095112800598,0.0,0.9219459593296051,0.560829950273037,0.0,0.9639884340763092,0.0,0.0,,909.0,0.22,0.53,0.42,0.84,31.495529516585812,10.497421133189079,36.63980863673967,0.06,0.06,0.12,2.76,9.333333333333334,33.17247837058047
R74G-R147K,no_atp,0.9195375978946686,0.9714039146900177,0.956554114818573,0.956554114818573,0.0,0.9102834463119507,0.7946475386619568,0.41224874556064606,1.0012833714485168,0.9725869834423065,0.9674017190933227,0.9292389452457428,0.0,,0.9725869834423065,0.690672653913498,0.42314544320106506,0.0,,0.9674017190933227,0.7153166770935059,0.0,,0.9292389452457428,0.0,,0.0,,,,909.0,0.22,0.53,0.42,0.84,6.211156201275178,1.179975860179267,5.833495082506634,0.9,0.1,1.0,7.4,7.333333333333333,8.01498234796337
R74G-R147K,no_cofactor,0.9161112368106842,0.9616520345211029,0.9264447271823884,0.9264447271823884,0.0,0.9135278701782227,0.7909676492214203,0.48048907816410064,1.3981804370880127,0.9644479393959046,0.9547027707099914,0.9067423820495606,,,0.9644479393959046,0.6256449162960053,0.30224635899066926,,,0.9547027707099914,0.5341969192028045,,,0.9067423820495606,,,,,,,909.0,0.22,0.53,0.42,0.84,9.425882666898264,2.8541805424227142,9.02129028739758,1.0,0.0,1.0,7.7,7.7,
R74G-R147K,no_constraint,0.901557344198227,0.9643527090549469,0.906401526927948,0.9114730834960938,0.0,0.900346302986145,0.793697452545166,0.4472262740135193,0.9673864066600799,0.974320936203003,0.9714054942131043,0.9186320126056671,0.9649836599826813,0.0,0.974320936203003,0.7273979127407074,0.1933638297021389,0.8889239668846131,0.0,0.9714054942131043,0.25217219814658165,0.9056300520896912,0.0,0.9186320126056671,0.5609346717596054,0.0,0.9649836599826813,0.0,0.0,,909.0,0.22,0.53,0.42,0.84,29.355998716997583,9.940913325314293,34.77760635477177,0.1,0.0,0.1,2.3,9.0,31.15453289153883
R74G-R147K-Q140L,constrained,0.9025025796890259,0.9642840874195099,0.9047560822963715,0.9088854300975799,0.0,0.9019391989707947,0.8003620171546936,0.42806228339672087,0.8968809294700623,0.9742683923244476,0.9668619680404663,0.9237557005882263,0.9640881180763244,0.0,0.9742683923244476,0.6928397136926651,0.21306342154741287,0.8910887026786805,0.0,0.9668619680404663,0.2508388213813305,0.8985017716884613,0.0,0.9237557005882263,0.5758583950996399,0.0,0.9640881180763244,0.0,0.0,,401.0,0.06,2.0,0.03,,32.021760727701036,9.84807180553357,36.360328091929304,0.04,0.06,0.1,2.22,9.0,33.76451468073846
R74G-R147K-Q140L,no_atp,0.9207639813423156,0.9719244122505188,0.9600558698177337,0.9600558698177337,0.0,0.9109409928321839,0.8022481262683868,0.4015112817287445,0.9406920790672302,0.9728498220443725,0.9686295926570893,0.9348850905895233,0.0,,0.9728498220443725,0.6973896324634552,0.4568239599466324,0.0,,0.9686295926570893,0.7409893155097962,0.0,,0.9348850905895233,0.0,,0.0,,,,401.0,0.06,2.0,0.03,,6.124153609298964,0.7928879062990992,5.8393703257428875,0.9,0.1,1.0,7.4,7.333333333333333,8.152411544777857
R74G-R147K-Q140L,no_cofactor,0.915944504737854,0.9606932401657104,0.9229929685592652,0.9229929685592652,0.0,0.9141823887825012,0.7984710216522217,0.49206231236457826,1.4572504162788391,0.9636623322963714,0.9492022752761841,0.9072543442249298,,,0.9636623322963714,0.5919459998607636,0.31182006746530533,,,0.9492022752761841,0.5658073008060456,,,0.9072543442249298,,,,,,,401.0,0.06,2.0,0.03,,8.90648531865919,2.8391767591202783,8.861384401350364,0.9,0.1,1.0,8.2,7.666666666666667,
R74G-R147K-Q140L,no_constraint,0.8994747996330261,0.9631195366382599,0.9007148206233978,0.9062949120998383,0.0,0.8991647899150849,0.7907309174537659,0.46306649446487425,1.029616403579712,0.9740063130855561,0.9651620745658874,0.9143664121627808,0.9648747563362121,0.0,0.9740063130855561,0.6866108924150467,0.200163846462965,0.8887036621570588,0.0,0.9651620745658874,0.22501006424427034,0.8958279132843018,0.0,0.9143664121627808,0.5444748371839523,0.0,0.9648747563362121,0.0,0.0,,401.0,0.06,2.0,0.03,,30.511573244163042,9.841393856591859,34.88819497387661,0.0,0.1,0.1,2.8,0.0,31.85876841695126
R74H,constrained,0.9021085035800934,0.9644069945812226,0.9123209726810455,0.9163938891887665,0.0,0.8995553565025329,0.7918041038513184,0.45100511372089386,0.9790334248542786,0.9736295485496521,0.9676328587532044,0.9199154472351074,0.9602165985107421,0.0,0.9736295485496521,0.697155984044075,0.22988009080290794,0.8902592301368714,0.0,0.9676328587532044,0.28195619612932205,0.8936132085323334,0.0,0.9199154472351074,0.597074299454689,0.0,0.9602165985107421,0.0,0.0,,770.0,0.33,0.75,0.44,0.68,28.630033582285996,10.294183464116541,30.49925881326933,0.1,0.04,0.14,3.7,10.4,29.455901794606557
R74H,no_atp,0.9191474556922913,0.9711330592632293,0.9527796924114227,0.9527796924114227,0.0,0.9107393682003021,0.7929090261459351,0.4154469698667526,1.0284923493862153,0.9726001143455505,0.9675424337387085,0.9290436327457428,0.0,,0.9726001143455505,0.6896854162216186,0.4185556650161743,0.0,,0.9675424337387085,0.6749736487865448,0.0,,0.9290436327457428,0.0,,0.0,,,,770.0,0.33,0.75,0.44,0.68,8.530608116395047,6.2736306846232175,6.3335123073646304,0.9,0.0,0.9,7.3,7.555555555555555,10.245718061334305
R74H,no_cofactor,0.9135282933712006,0.9607049107551575,0.9204458892345428,0.9204458892345428,0.0,0.911798894405365,0.7852244675159454,0.4914221286773682,1.445459508895874,0.9638675451278687,0.9524717092514038,0.9036374151706695,,,0.9638675451278687,0.6084285795688629,0.298559644818306,,,0.9524717092514038,0.5114768639206886,,,0.9036374151706695,,,,,,,770.0,0.33,0.75,0.44,0.68,10.524754821741768,5.530976746358099,8.230822630117274,0.9,0.0,0.9,7.6,7.777777777777778,
R74H,no_constraint,0.9079978406429291,0.9696493804454803,0.9440547049045562,0.9440547049045562,0.0,0.8989836156368256,0.7938084006309509,0.4573953479528427,0.971473079919815,0.9737310469150543,0.9662684321403503,0.9263167917728424,0.9629463076591491,0.0,0.9737310469150543,0.6858894914388657,0.33601492643356323,0.8933677792549133,0.0,0.9662684321403503,0.4407201766967773,0.8955178081989288,0.0,0.9263167917728424,0.7592838943004608,0.0,0.9629463076591491,0.0,0.0,,770.0,0.33,0.75,0.44,0.68,20.45947722015792,9.807996151297143,21.982971880783644,0.3,0.1,0.4,7.0,10.0,19.127171118300176
S186C,constrained,0.9046426320075989,0.9653766834735871,0.9198097944259643,0.9224255406856536,0.0,0.9008508276939392,0.7998750174045562,0.42473733484745024,0.881077891588211,0.973537369966507,0.9668964076042176,0.9261657786369324,0.9582357132434844,0.0,0.973537369966507,0.690859180688858,0.2668141084909439,0.8894179499149323,0.0,0.9668964076042176,0.36662256747484206,0.8899483942985534,0.0,0.9261657786369324,0.6449220830202103,0.0,0.9582357132434844,0.0,0.0,,596.0,0.07,0.8,0.08,0.3,24.795683544194265,12.706162643561704,25.79465989594263,0.36,0.06,0.42,4.3,8.0,25.00494819777813
S186C,no_atp,0.9232599914073945,0.9713651955127716,0.9516627252101898,0.9516627252101898,0.0,0.9161593079566955,0.8190315663814545,0.4143016397953033,1.0335415601730347,0.9729700922966004,0.966912692785263,0.9247776508331299,0.0,,0.9729700922966004,0.6863712012767792,0.4021726280450821,0.0,,0.966912692785263,0.6811636924743653,0.0,,0.9247776508331299,0.0,,0.0,,,,596.0,0.07,0.8,0.08,0.3,7.859884562863937,1.4862181265472671,7.920957369557196,1.0,0.0,1.0,6.3,6.3,10.369914134934316
S186C,no_cofactor,0.9194576859474182,0.9624518156051636,0.9281109213829041,0.9281109213829041,0.0,0.9172943532466888,0.807494729757309,0.4682731866836548,1.3276172280311584,0.9651745796203614,0.9555009543895722,0.9068342804908752,,,0.9651745796203614,0.6259800553321838,0.29712080359458926,,,0.9555009543895722,0.5694020211696624,,,0.9068342804908752,,,,,,,596.0,0.07,0.8,0.08,0.3,9.288162993869374,1.99346324828794,9.74227757333,1.0,0.0,1.0,6.1,6.1,
S186C,no_constraint,0.90555419921875,0.966431725025177,0.9282891809940338,0.9300784468650818,0.0,0.8998704314231872,0.7978202342987061,0.46284120380878446,1.0226241409778596,0.9728232264518738,0.959256786108017,0.9285691916942597,0.9608462512493133,0.0,0.9728232264518738,0.6433581471443176,0.33911427706480024,0.8895642817020416,0.0,0.959256786108017,0.44793892949819564,0.8776463866233826,0.0,0.9285691916942597,0.7052726507186889,0.0,0.9608462512493133,0.0,0.0,,596.0,0.07,0.8,0.08,0.3,19.572035691995655,9.875188323899074,18.422799365471285,0.3,0.2,0.5,5.5,6.333333333333333,18.961087277067225
S208E,constrained,0.9076020014286041,0.9679144084453583,0.9369404888153077,0.9375030040740967,0.0,0.9002673697471618,0.8121918523311615,0.45325438380241395,1.0029652166366576,0.9734759569168091,0.9569231426715851,0.9402058064937592,0.9406548082828522,0.0,0.9734759569168091,0.6032307070493698,0.4135034853219986,0.865299243927002,0.0,0.9569231426715851,0.5642299282550812,0.8665102875232696,0.0,0.9402058064937592,0.7388575413823127,0.0,0.9406548082828522,0.0,0.0,,,,,,,17.00108052390099,12.561279176068025,9.850207994616614,0.42,0.28,0.7,6.12,5.761904761904762,15.959469836981668
S208E,no_atp,0.9193753004074097,0.9707062542438507,0.9484520971775054,0.9484520971775054,0.0,0.9121060848236084,0.8222594320774078,0.4152259171009064,1.0635610222816467,0.9725081086158752,0.9666764259338378,0.9225707411766052,0.0,,0.9725081086158752,0.6914657115936279,0.36966807544231417,0.0,,0.9666764259338378,0.6597857236862182,0.0,,0.9225707411766052,0.0,,0.0,,,,,,,,,8.010674076840484,1.0297363209862398,8.250989681293882,0.9,0.1,1.0,6.4,6.222222222222222,7.531352007729312
S208E,no_cofactor,0.911023861169815,0.9589666306972504,0.9068525791168213,0.9068525791168213,0.0,0.9120666682720184,0.8024750769138336,0.5039450645446777,1.583620011806488,0.9630139410495758,0.9436471879482269,0.8971855521202088,,,0.9630139410495758,0.5644215703010559,0.2463640958070755,,,0.9436471879482269,0.522302433848381,,,0.8971855521202088,,,,,,,,,,,,8.255802031716815,2.047477052982097,7.4390496299102296,0.9,0.1,1.0,6.7,6.666666666666667,
S208E,no_constraint,0.9071370661258698,0.9702966272830963,0.9470296084880829,0.9470296084880829,0.0,0.8971638977527618,0.8024343967437744,0.4266897588968277,0.880721139907837,0.974670284986496,0.9696196675300598,0.9457884907722474,0.941497403383255,0.0,0.974670284986496,0.6802305310964585,0.4108259081840515,0.8691791713237762,0.0,0.9696196675300598,0.592797115445137,0.8823597133159637,0.0,0.9457884907722474,0.7653957843780518,0.0,0.941497403383255,0.0,0.0,,,,,,,16.51755964946883,10.54434632222282,10.056687265468724,0.6,0.1,0.7,4.6,5.666666666666667,14.655570418764674
T209D,constrained,0.8978426146507263,0.9646134400367736,0.9112155675888062,0.9142621588706971,0.0,0.8944993567466736,0.7872355926036835,0.42158074021339415,0.868139431476593,0.9736719381809235,0.9682415735721588,0.9209140706062316,0.9578138041496277,0.0,0.9736719381809235,0.7002157032489776,0.22048138827085495,0.8875512909889222,0.0,0.9682415735721588,0.28603429704904554,0.8918749952316284,0.0,0.9209140706062316,0.6111442938446998,0.0,0.9578138041496277,0.0,0.0,,,0.13,0.99,0.13,,28.70061747856921,11.340028641982816,34.81454575998927,0.26,0.02,0.28,2.92,7.6923076923076925,29.824888828670538
T209D,no_atp,0.9211112320423126,0.9712653875350952,0.9505446553230286,0.9505446553230286,0.0,0.9137528598308563,0.8143468618392944,0.4212583899497986,1.0538775026798248,0.9729281604290009,0.9687148451805114,0.9233986556529998,0.0,,0.9729281604290009,0.6963887214660645,0.3880263715982437,0.0,,0.9687148451805114,0.6365963220596313,0.0,,0.9233986556529998,0.0,,0.0,,,,,0.13,0.99,0.13,,9.80795597576442,1.9039222982498782,9.715254711046892,1.0,0.0,1.0,6.2,6.2,12.292595780437015
T209D,no_cofactor,0.9131584286689758,0.9597704887390137,0.9121332585811615,0.9121332585811615,0.0,0.9134147107601166,0.7964183747768402,0.5038149297237396,1.510866355895996,0.9634246528148651,0.9466302633285523,0.9022611618041992,,,0.9634246528148651,0.5750344693660736,0.28812539726495745,,,0.9466302633285523,0.4984380930662155,,,0.9022611618041992,,,,,,,,0.13,0.99,0.13,,10.378302929199025,2.3911699138115803,10.132538596148514,0.9,0.1,1.0,7.0,6.444444444444445,
T209D,no_constraint,0.9007441997528076,0.9675461709499359,0.9275032043457031,0.9297736942768097,0.0,0.8940544188022613,0.7841464638710022,0.4197744637727737,0.8519124627113343,0.9738774418830871,0.9726615726947785,0.9182060062885284,0.9642522931098938,0.0,0.9738774418830871,0.7313379228115082,0.26136529445648193,0.8933404505252838,0.0,0.9726615726947785,0.37495249658823016,0.9065082311630249,0.0,0.9182060062885284,0.6960852056741714,0.0,0.9642522931098938,0.0,0.0,,,0.13,0.99,0.13,,19.905742004916934,9.3923498595232,12.92512943061173,0.6,0.0,0.6,4.7,6.666666666666667,19.08297438735139
V230E,constrained,0.90319051861763,0.9653455758094788,0.92000492811203,0.9232402837276459,0.0,0.8989869046211243,0.7932152724266053,0.431612993478775,0.9145829939842224,0.9731539833545685,0.9664625465869904,0.9232958650588989,0.9543371450901031,0.0,0.9731539833545685,0.68393031001091,0.27454421415925023,0.8892487251758575,0.0,0.9664625465869904,0.3820216628909111,0.8845492076873779,0.0,0.9232958650588989,0.6528430861234665,0.0,0.9543371450901031,0.0,0.0,10.0,278.0,0.07,0.8,0.08,0.21,24.10828565397057,12.886494686517288,20.928630457781736,0.4,0.06,0.46,4.22,6.85,24.064957216841048
V230E,no_atp,0.9223930954933166,0.970017260313034,0.9536750972270965,0.9536750972270965,0.0,0.9145725727081299,0.8070860028266906,0.41107447147369386,1.0024490654468536,0.9715049803256989,0.967766386270523,0.9287362813949585,0.0,,0.9715049803256989,0.6901994824409485,0.41251525580883025,0.0,,0.967766386270523,0.6744837880134582,0.0,,0.9287362813949585,0.0,,0.0,,,10.0,278.0,0.07,0.8,0.08,0.21,8.667122522673685,2.0193090734470016,9.323402097904932,0.9,0.1,1.0,6.3,6.111111111111111,10.773730800268032
V230E,no_cofactor,0.9193821132183075,0.959406453371048,0.9235077381134034,0.9235077381134034,0.0,0.9183506906032562,0.8111696779727936,0.48059903681278227,1.3740523695945739,0.9623144030570984,0.9523099839687348,0.9041471123695374,,,0.9623144030570984,0.6114458501338959,0.28942907601594925,,,0.9523099839687348,0.5501744419336319,,,0.9041471123695374,,,,,,10.0,278.0,0.07,0.8,0.08,0.21,9.530563039076352,2.1546100995657866,9.559271785122068,1.0,0.0,1.0,6.1,6.1,
V230E,no_constraint,0.9079308569431305,0.969435703754425,0.9471382081508637,0.9471382081508637,0.0,0.898129004240036,0.7941740989685059,0.43374669551849365,0.8997275233268738,0.973116147518158,0.966989153623581,0.9288148283958435,0.9621924877166748,0.0,0.973116147518158,0.6892411977052688,0.36222248822450637,0.891241830587387,0.0,0.966989153623581,0.5335620135068894,0.8923367440700531,0.0,0.9288148283958435,0.7804020166397094,0.0,0.9621924877166748,0.0,0.0,10.0,278.0,0.07,0.8,0.08,0.21,15.350850608592015,8.32165744947878,11.626041491444985,0.7,0.1,0.8,7.5,7.428571428571429,12.815112338846859
WT,constrained,0.9030993556976319,0.9650088012218475,0.9162330329418182,0.9190584552288056,0.0,0.8998159205913544,0.7960300457477569,0.42715114951133726,0.8978955066204071,0.9735561752319336,0.9678400492668152,0.9227755403518677,0.9541494166851043,0.0,0.9735561752319336,0.6954078739881515,0.24921952858567237,0.8888881993293762,0.0,0.9678400492668152,0.3343583507835865,0.8865459942817688,0.0,0.9227755403518677,0.6285711008310318,0.0,0.9541494166851043,0.0,0.0,18.0,475.0,0.15,2.3,0.066,0.39,26.304663627071374,12.009593252729927,32.39538087634208,0.28,0.04,0.32,3.64,7.928571428571429,27.064891963678914
WT,no_atp,0.9227193355560303,0.9713113129138946,0.9539452850818634,0.9539452850818634,0.0,0.9149128258228302,0.8112595975399017,0.41029060184955596,1.0009645581245423,0.9727038860321044,0.9670742571353912,0.9285242319107055,0.0,,0.9727038860321044,0.6871585845947266,0.4098121911287308,0.0,,0.9670742571353912,0.6886172890663147,0.0,,0.9285242319107055,0.0,,0.0,,,18.0,475.0,0.15,2.3,0.066,0.39,7.724455806407543,1.5106569514482255,7.606816416514283,0.8,0.2,1.0,6.9,6.25,10.073753968730095
WT,no_cofactor,0.9190021991729737,0.962033462524414,0.927485716342926,0.927485716342926,0.0,0.9168812930583954,0.8052478194236755,0.47120829820632937,1.3325579404830932,0.9647335112094879,0.9544720530509949,0.9067576944828033,,,0.9647335112094879,0.6169656753540039,0.2957604110240936,,,0.9544720530509949,0.5702458709478379,,,0.9067576944828033,,,,,,18.0,475.0,0.15,2.3,0.066,0.39,8.8972534729557,2.2200859446771957,9.749016574799803,1.0,0.0,1.0,6.6,6.6,
WT,no_constraint,0.9049897134304047,0.9676982820034027,0.932889211177826,0.932889211177826,0.0,0.8980148255825042,0.7914435923099518,0.45982769429683684,1.016016411781311,0.97335764169693,0.9547661423683167,0.9364918172359467,0.9606732189655304,0.0,0.97335764169693,0.6112203538417816,0.3744645655155182,0.8909494280815125,0.0,0.9547661423683167,0.4585628867149353,0.8713475644588471,0.0,0.9364918172359467,0.7329582214355469,0.0,0.9606732189655304,0.0,0.0,18.0,475.0,0.15,2.3,0.066,0.39,20.15096828313898,10.437760128611757,18.52153981123692,0.2,0.3,0.5,6.3,5.5,19.121551385335923
Y19H,constrained,0.9041873121261597,0.9639810025691986,0.9071145355701447,0.910502758026123,0.0,0.9034554994106293,0.8073501968383789,0.4193177616596222,0.8646507835388184,0.9736784768104553,0.9706526327133179,0.9221817684173584,0.9556276285648346,0.0,0.9736784768104553,0.7080885577201843,0.2003249454498291,0.8910294723510742,0.0,0.9706526327133179,0.2506444226205349,0.8914390623569488,0.0,0.9221817684173584,0.5854733836650848,0.0,0.9556276285648346,0.0,0.0,,388.0,0.27,0.35,0.78,0.22,31.78710779729683,9.874454419130192,35.38297978026199,0.16,0.0,0.16,1.74,6.875,33.67475768180941
Y19H,no_atp,0.9239350438117981,0.9710860311985016,0.9542360305786133,0.9542360305786133,0.0,0.9163597822189331,0.8135766625404358,0.4070561081171036,0.9872891485691071,0.9725229322910309,0.9693555772304535,0.9267482042312623,0.0,,0.9725229322910309,0.7006250977516174,0.4154402494430542,0.0,,0.9693555772304535,0.6659115791320801,0.0,,0.9267482042312623,0.0,,0.0,,,,388.0,0.27,0.35,0.78,0.22,9.296034866350231,1.7381176912104548,9.422740690792837,1.0,0.0,1.0,5.8,5.8,10.86551927682454
Y19H,no_cofactor,0.9159809470176696,0.9604443967342376,0.9211631715297699,0.9211631715297699,0.0,0.9146853923797608,0.7944882869720459,0.4840652525424957,1.4077442407608032,0.9635637164115906,0.9538025259971619,0.9016852259635926,,,0.9635637164115906,0.6151237964630127,0.2894893974065781,,,0.9538025259971619,0.5085794359445572,,,0.9016852259635926,,,,,,,388.0,0.27,0.35,0.78,0.22,10.491977756413128,2.7045930695184537,11.02092130475974,1.0,0.0,1.0,6.9,6.9,
Y19H,no_constraint,0.9063378751277924,0.9673536658287049,0.9310150802135467,0.9330138206481934,0.0,0.9001685798168182,0.7980647504329681,0.4394374072551727,0.9241686165332794,0.9732745289802551,0.9723957896232605,0.9162725150585175,0.9616997241973877,0.0,0.9732745289802551,0.722353321313858,0.2628620907664299,0.8875843167304993,0.0,0.9723957896232605,0.3863562077283859,0.899584847688675,0.0,0.9162725150585175,0.7040638327598572,0.0,0.9616997241973877,0.0,0.0,,388.0,0.27,0.35,0.78,0.22,20.317007603121773,11.86999164550615,12.725726658226606,0.7,0.0,0.7,5.8,7.142857142857143,19.303065502189316
